CREATE TABLE customers (
  customer_id NUMERIC,
  name TEXT,
  email TEXT,
  region TEXT
);

INSERT INTO customers VALUES (1, 'Shane', 'lwong@newton.net', 'West');
INSERT INTO customers VALUES (2, 'Eddie', 'icarter@yahoo.com', 'South');
INSERT INTO customers VALUES (3, 'Connie', 'ernest42@gmail.com', 'South');
INSERT INTO customers VALUES (4, 'Randall', 'clarkrichard@mccarthy-rodriguez.net', 'East');
INSERT INTO customers VALUES (5, 'Michele', 'tarabennett@holden.com', 'East');
INSERT INTO customers VALUES (6, 'Jessica', 'robert94@lawrence.com', 'East');
INSERT INTO customers VALUES (7, 'Megan', 'holly52@hayes.info', 'West');
INSERT INTO customers VALUES (8, 'Anthony', 'schmidtyolanda@gmail.com', 'West');
INSERT INTO customers VALUES (9, 'Christopher', 'hrodriguez@castillo.net', 'West');
INSERT INTO customers VALUES (10, 'Debra', 'murraywilliam@gaines.com', 'North');
INSERT INTO customers VALUES (11, 'Rebecca', 'wromero@yahoo.com', 'West');
INSERT INTO customers VALUES (12, 'Ian', 'beth10@gmail.com', 'South');
INSERT INTO customers VALUES (13, 'Haley', 'osmith@scott.net', 'North');
INSERT INTO customers VALUES (14, 'Wanda', 'zachary60@hotmail.com', 'North');
INSERT INTO customers VALUES (15, 'Bradley', 'smithdanny@allen.com', 'North');
INSERT INTO customers VALUES (16, 'Sharon', 'jamesbaker@lucas-vang.org', 'East');
INSERT INTO customers VALUES (17, 'Misty', 'cbrooks@robertson-saunders.com', 'North');
INSERT INTO customers VALUES (18, 'Kevin', 'bennettwilliam@gmail.com', 'East');
INSERT INTO customers VALUES (19, 'Kenneth', 'bradymendoza@yahoo.com', 'West');
INSERT INTO customers VALUES (20, 'Gregory', 'smithjessica@bates-mitchell.biz', 'East');
INSERT INTO customers VALUES (21, 'Justin', 'leslie87@gmail.com', 'North');
INSERT INTO customers VALUES (22, 'Daniel', 'mcguirelaura@carlson.com', 'East');
INSERT INTO customers VALUES (23, 'Kayla', 'laurie42@davis-gonzalez.com', 'West');
INSERT INTO customers VALUES (24, 'Brendan', 'robin72@vasquez.com', 'North');
INSERT INTO customers VALUES (25, 'Mason', 'ronald68@hotmail.com', 'East');
INSERT INTO customers VALUES (26, 'Omar', 'matthewcruz@lane-norris.com', 'North');
INSERT INTO customers VALUES (27, 'Erin', 'thomasdestiny@hotmail.com', 'East');
INSERT INTO customers VALUES (28, 'Sandra', 'dbuckley@gmail.com', 'North');
INSERT INTO customers VALUES (29, 'Jill', 'davissandra@payne.net', 'South');
INSERT INTO customers VALUES (30, 'Michael', 'brianlynn@yahoo.com', 'East');
INSERT INTO customers VALUES (31, 'Nicole', 'carrie76@smith.net', 'North');
INSERT INTO customers VALUES (32, 'Jade', 'pyork@hotmail.com', 'South');
INSERT INTO customers VALUES (33, 'Gordon', 'stricklandelizabeth@kline.com', 'West');
INSERT INTO customers VALUES (34, 'Lisa', 'hhatfield@gmail.com', 'South');
INSERT INTO customers VALUES (35, 'Haley', 'david13@pierce.com', 'North');
INSERT INTO customers VALUES (36, 'Micheal', 'elizabeth73@gmail.com', 'North');
INSERT INTO customers VALUES (37, 'Mary', 'rebecca78@jones.biz', 'South');
INSERT INTO customers VALUES (38, 'Patricia', 'lauren78@davis.org', 'West');
INSERT INTO customers VALUES (39, 'Nancy', 'john52@yahoo.com', 'South');
INSERT INTO customers VALUES (40, 'Elizabeth', 'npetersen@gmail.com', 'East');
INSERT INTO customers VALUES (41, 'Rebecca', 'aliciahood@hotmail.com', 'East');
INSERT INTO customers VALUES (42, 'Heather', 'joshua96@yang.info', 'East');
INSERT INTO customers VALUES (43, 'James', 'jacob05@cox.com', 'South');
INSERT INTO customers VALUES (44, 'Katie', 'eric43@reed-caldwell.net', 'East');
INSERT INTO customers VALUES (45, 'Regina', 'snydercorey@hotmail.com', 'East');
INSERT INTO customers VALUES (46, 'Andrew', 'medinalucas@king.com', 'West');
INSERT INTO customers VALUES (47, 'Blake', 'bowmanregina@wilson.biz', 'West');
INSERT INTO customers VALUES (48, 'Anna', 'pweaver@jackson-kelley.org', 'West');
INSERT INTO customers VALUES (49, 'Angela', 'juan09@yahoo.com', 'North');
INSERT INTO customers VALUES (50, 'Frederick', 'bhernandez@hotmail.com', 'North');
INSERT INTO customers VALUES (51, 'Jerry', 'scottkaren@clark.biz', 'North');
INSERT INTO customers VALUES (52, 'Marisa', 'margaret03@garcia.info', 'South');
INSERT INTO customers VALUES (53, 'Chad', 'rmurphy@hotmail.com', 'East');
INSERT INTO customers VALUES (54, 'Brian', 'madison09@rodriguez-lee.net', 'West');
INSERT INTO customers VALUES (55, 'Robert', 'kathleen73@reed-sanchez.com', 'East');
INSERT INTO customers VALUES (56, 'Barbara', 'diazlisa@gmail.com', 'East');
INSERT INTO customers VALUES (57, 'Amy', 'abates@hotmail.com', 'East');
INSERT INTO customers VALUES (58, 'David', 'james44@callahan.org', 'South');
INSERT INTO customers VALUES (59, 'Stuart', 'starkjohn@thomas-hernandez.com', 'West');
INSERT INTO customers VALUES (60, 'Paul', 'christymaldonado@hotmail.com', 'West');
INSERT INTO customers VALUES (61, 'Roy', 'josephgrimes@lopez-rodriguez.biz', 'North');
INSERT INTO customers VALUES (62, 'Heather', 'jefflee@wood.info', 'East');
INSERT INTO customers VALUES (63, 'Alexandria', 'hannahpadilla@johnson-ramos.info', 'West');
INSERT INTO customers VALUES (64, 'Charles', 'conradveronica@lamb.net', 'South');
INSERT INTO customers VALUES (65, 'Danielle', 'kimberly02@nelson.net', 'West');
INSERT INTO customers VALUES (66, 'Debra', 'valerieevans@french.com', 'South');
INSERT INTO customers VALUES (67, 'Mary', 'ncummings@butler.info', 'South');
INSERT INTO customers VALUES (68, 'John', 'jessica05@gmail.com', 'South');
INSERT INTO customers VALUES (69, 'Dennis', 'ugonzalez@williams-holden.com', 'East');
INSERT INTO customers VALUES (70, 'Jesse', 'arnoldmonica@white-garcia.biz', 'South');
INSERT INTO customers VALUES (71, 'Pamela', 'troyjones@hotmail.com', 'East');
INSERT INTO customers VALUES (72, 'Nicholas', 'lisa28@gmail.com', 'North');
INSERT INTO customers VALUES (73, 'Christina', 'anitamartin@richards-peterson.com', 'West');
INSERT INTO customers VALUES (74, 'Joshua', 'croberts@moore.com', 'South');
INSERT INTO customers VALUES (75, 'Melissa', 'maria61@yahoo.com', 'West');
INSERT INTO customers VALUES (76, 'Melissa', 'denise21@gmail.com', 'East');
INSERT INTO customers VALUES (77, 'Dillon', 'michelle02@perez.net', 'West');
INSERT INTO customers VALUES (78, 'Melinda', 'bmendez@clayton.biz', 'West');
INSERT INTO customers VALUES (79, 'Michael', 'dcaldwell@kelly-miller.net', 'North');
INSERT INTO customers VALUES (80, 'William', 'fitzpatrickcharles@hotmail.com', 'North');
INSERT INTO customers VALUES (81, 'Lori', 'fjames@jackson-williams.com', 'South');
INSERT INTO customers VALUES (82, 'Michelle', 'carolineolson@johnson-lynch.biz', 'North');
INSERT INTO customers VALUES (83, 'Amy', 'matthew14@gmail.com', 'East');
INSERT INTO customers VALUES (84, 'Michael', 'finleygerald@yahoo.com', 'East');
INSERT INTO customers VALUES (85, 'Joseph', 'sanchezjason@yahoo.com', 'West');
INSERT INTO customers VALUES (86, 'Jeffrey', 'hancockvictoria@hudson.net', 'South');
INSERT INTO customers VALUES (87, 'Susan', 'david36@yahoo.com', 'North');
INSERT INTO customers VALUES (88, 'Cheryl', 'pmiller@lopez.net', 'West');
INSERT INTO customers VALUES (89, 'Richard', 'harristhomas@gmail.com', 'South');
INSERT INTO customers VALUES (90, 'Edward', 'amberwilson@yahoo.com', 'North');
INSERT INTO customers VALUES (91, 'Aaron', 'rosarioparker@jones-reynolds.net', 'West');
INSERT INTO customers VALUES (92, 'Eric', 'joshua94@golden.info', 'West');
INSERT INTO customers VALUES (93, 'Mary', 'rmiller@yahoo.com', 'East');
INSERT INTO customers VALUES (94, 'Michael', 'leslie41@gmail.com', 'West');
INSERT INTO customers VALUES (95, 'Melissa', 'paulcollins@smith.com', 'West');
INSERT INTO customers VALUES (96, 'Cindy', 'robertrichardson@wilson-hunter.biz', 'North');
INSERT INTO customers VALUES (97, 'Shelby', 'terrymary@black.com', 'South');
INSERT INTO customers VALUES (98, 'Erica', 'ttran@hotmail.com', 'North');
INSERT INTO customers VALUES (99, 'Travis', 'james13@hays.net', 'West');
INSERT INTO customers VALUES (100, 'Rebecca', 'vanessaweber@gmail.com', 'East');
INSERT INTO customers VALUES (101, 'David', 'yhooper@hotmail.com', 'West');
INSERT INTO customers VALUES (102, 'Joshua', 'williamstodd@powell.com', 'South');
INSERT INTO customers VALUES (103, 'April', 'ricejason@gmail.com', 'West');
INSERT INTO customers VALUES (104, 'Brian', 'katherine23@silva.com', 'West');
INSERT INTO customers VALUES (105, 'Brent', 'brad93@young.com', 'North');
INSERT INTO customers VALUES (106, 'Scott', 'fcarter@young.com', 'South');
INSERT INTO customers VALUES (107, 'Bradley', 'michael80@thompson.org', 'South');
INSERT INTO customers VALUES (108, 'Joel', 'erica35@hotmail.com', 'North');
INSERT INTO customers VALUES (109, 'Barbara', 'chuff@gmail.com', 'East');
INSERT INTO customers VALUES (110, 'Nicholas', 'vanessawalker@simmons.info', 'East');
INSERT INTO customers VALUES (111, 'Jennifer', 'mcintoshjennifer@robinson.org', 'West');
INSERT INTO customers VALUES (112, 'Ryan', 'henryjamie@leblanc.com', 'West');
INSERT INTO customers VALUES (113, 'Carlos', 'heather85@bailey-davies.com', 'South');
INSERT INTO customers VALUES (114, 'Jeffrey', 'emmanorris@hotmail.com', 'West');
INSERT INTO customers VALUES (115, 'Melissa', 'albert27@powell.net', 'South');
INSERT INTO customers VALUES (116, 'Jessica', 'bwoods@jones.info', 'West');
INSERT INTO customers VALUES (117, 'Zachary', 'kimberlylopez@hotmail.com', 'South');
INSERT INTO customers VALUES (118, 'Melissa', 'steven48@nunez.biz', 'West');
INSERT INTO customers VALUES (119, 'Amber', 'wesley69@yahoo.com', 'East');
INSERT INTO customers VALUES (120, 'Morgan', 'barronryan@yahoo.com', 'West');
INSERT INTO customers VALUES (121, 'Joseph', 'bhoover@gmail.com', 'North');
INSERT INTO customers VALUES (122, 'David', 'zpatrick@avila-bruce.com', 'South');
INSERT INTO customers VALUES (123, 'Amber', 'nlove@myers.org', 'South');
INSERT INTO customers VALUES (124, 'Michael', 'bakerwayne@evans.net', 'South');
INSERT INTO customers VALUES (125, 'Ashley', 'jessicaortiz@yahoo.com', 'South');
INSERT INTO customers VALUES (126, 'Michelle', 'andrewgreer@meyers.com', 'South');
INSERT INTO customers VALUES (127, 'Martin', 'troycarroll@sullivan.info', 'South');
INSERT INTO customers VALUES (128, 'Kenneth', 'pbond@yahoo.com', 'South');
INSERT INTO customers VALUES (129, 'Sherry', 'robert98@perez.com', 'North');
INSERT INTO customers VALUES (130, 'Diana', 'sethgalvan@trevino-lewis.com', 'South');
INSERT INTO customers VALUES (131, 'Nicholas', 'hallchristina@ball.biz', 'North');
INSERT INTO customers VALUES (132, 'Jose', 'karenliu@hotmail.com', 'East');
INSERT INTO customers VALUES (133, 'David', 'njames@gmail.com', 'South');
INSERT INTO customers VALUES (134, 'Jason', 'clarksean@smith.com', 'East');
INSERT INTO customers VALUES (135, 'Glenn', 'jennifermills@jones-howard.com', 'East');
INSERT INTO customers VALUES (136, 'Crystal', 'manuelgross@lawrence-russell.org', 'South');
INSERT INTO customers VALUES (137, 'Derek', 'amanda73@conrad.net', 'East');
INSERT INTO customers VALUES (138, 'Michael', 'royjohnson@mendez.net', 'North');
INSERT INTO customers VALUES (139, 'Rebecca', 'xgreen@hotmail.com', 'South');
INSERT INTO customers VALUES (140, 'Andrew', 'nathan03@rodgers-smith.com', 'South');
INSERT INTO customers VALUES (141, 'Kristin', 'jerryjones@jones.info', 'South');
INSERT INTO customers VALUES (142, 'Alexandria', 'jeffreywallace@long.com', 'North');
INSERT INTO customers VALUES (143, 'Timothy', 'yhines@wilson.com', 'North');
INSERT INTO customers VALUES (144, 'Robert', 'kaguilar@hotmail.com', 'South');
INSERT INTO customers VALUES (145, 'Patrick', 'russellchristopher@stevens-schroeder.biz', 'South');
INSERT INTO customers VALUES (146, 'Stephen', 'lisa78@yahoo.com', 'North');
INSERT INTO customers VALUES (147, 'Jeffrey', 'mooreanthony@yahoo.com', 'South');
INSERT INTO customers VALUES (148, 'Anthony', 'beckerdiana@velazquez.com', 'North');
INSERT INTO customers VALUES (149, 'Jennifer', 'alexisscott@hunter.com', 'North');
INSERT INTO customers VALUES (150, 'Kendra', 'jacksonjames@gmail.com', 'West');
INSERT INTO customers VALUES (151, 'Juan', 'webercarrie@martinez.info', 'West');
INSERT INTO customers VALUES (152, 'Troy', 'brittany13@yahoo.com', 'East');
INSERT INTO customers VALUES (153, 'William', 'brettruiz@gmail.com', 'East');
INSERT INTO customers VALUES (154, 'Thomas', 'romerodaniel@yahoo.com', 'North');
INSERT INTO customers VALUES (155, 'Chad', 'kirsten14@harrison.info', 'West');
INSERT INTO customers VALUES (156, 'Mary', 'rsawyer@hotmail.com', 'West');
INSERT INTO customers VALUES (157, 'Kenneth', 'kimberly34@harris.com', 'East');
INSERT INTO customers VALUES (158, 'Laurie', 'dsanchez@porter.com', 'South');
INSERT INTO customers VALUES (159, 'Brooke', 'hchavez@hotmail.com', 'North');
INSERT INTO customers VALUES (160, 'Anthony', 'kclark@yahoo.com', 'North');
INSERT INTO customers VALUES (161, 'Joseph', 'pereznathan@gmail.com', 'East');
INSERT INTO customers VALUES (162, 'Laura', 'laura85@gmail.com', 'South');
INSERT INTO customers VALUES (163, 'Marcus', 'teresa38@perez.com', 'East');
INSERT INTO customers VALUES (164, 'Amanda', 'hansendavid@hotmail.com', 'South');
INSERT INTO customers VALUES (165, 'Jacqueline', 'lhamilton@gmail.com', 'South');
INSERT INTO customers VALUES (166, 'Jeffery', 'cruzjulia@yahoo.com', 'East');
INSERT INTO customers VALUES (167, 'Melissa', 'patricia29@hotmail.com', 'South');
INSERT INTO customers VALUES (168, 'April', 'victorialove@yahoo.com', 'North');
INSERT INTO customers VALUES (169, 'Rebecca', 'michellechung@patton.info', 'West');
INSERT INTO customers VALUES (170, 'Tammy', 'oclark@yahoo.com', 'North');
INSERT INTO customers VALUES (171, 'Randall', 'jean33@gmail.com', 'West');
INSERT INTO customers VALUES (172, 'Andrew', 'nicholas03@hotmail.com', 'North');
INSERT INTO customers VALUES (173, 'Dawn', 'calvinmcgee@rogers-lara.biz', 'South');
INSERT INTO customers VALUES (174, 'Jennifer', 'osbornesuzanne@james-austin.net', 'South');
INSERT INTO customers VALUES (175, 'Emily', 'andrea47@gmail.com', 'North');
INSERT INTO customers VALUES (176, 'Kimberly', 'jennifermarshall@yahoo.com', 'East');
INSERT INTO customers VALUES (177, 'Timothy', 'tyler91@colon.biz', 'West');
INSERT INTO customers VALUES (178, 'Derrick', 'bmassey@burgess-landry.org', 'South');
INSERT INTO customers VALUES (179, 'Steven', 'jacobgonzalez@gmail.com', 'South');
INSERT INTO customers VALUES (180, 'Lee', 'robertsriley@hotmail.com', 'South');
INSERT INTO customers VALUES (181, 'Jason', 'vincentgriffith@yahoo.com', 'South');
INSERT INTO customers VALUES (182, 'Ricky', 'alexandrabarnett@lambert-evans.net', 'East');
INSERT INTO customers VALUES (183, 'Chris', 'joshuapowers@hotmail.com', 'West');
INSERT INTO customers VALUES (184, 'Kayla', 'gwilliams@hotmail.com', 'East');
INSERT INTO customers VALUES (185, 'Christopher', 'kevin23@clark.com', 'South');
INSERT INTO customers VALUES (186, 'Joshua', 'lreed@hotmail.com', 'West');
INSERT INTO customers VALUES (187, 'Brenda', 'bryantclayton@kelly-white.info', 'East');
INSERT INTO customers VALUES (188, 'Jessica', 'anthonyross@pittman-james.com', 'South');
INSERT INTO customers VALUES (189, 'Katelyn', 'bgarcia@boyd-brown.info', 'South');
INSERT INTO customers VALUES (190, 'Thomas', 'vmorse@yahoo.com', 'North');
INSERT INTO customers VALUES (191, 'Rebecca', 'browndonald@yahoo.com', 'North');
INSERT INTO customers VALUES (192, 'Timothy', 'mrivera@gmail.com', 'North');
INSERT INTO customers VALUES (193, 'Suzanne', 'davidthomas@gomez-turner.info', 'North');
INSERT INTO customers VALUES (194, 'Jessica', 'claytonlam@schmidt.org', 'West');
INSERT INTO customers VALUES (195, 'Debra', 'aolson@williams.com', 'East');
INSERT INTO customers VALUES (196, 'Derek', 'dylanlawrence@yahoo.com', 'East');
INSERT INTO customers VALUES (197, 'Michael', 'evelynhuffman@hotmail.com', 'West');
INSERT INTO customers VALUES (198, 'Joshua', 'sperez@hotmail.com', 'North');
INSERT INTO customers VALUES (199, 'Adrian', 'tvaughn@ritter.com', 'West');
INSERT INTO customers VALUES (200, 'Brett', 'hberger@yahoo.com', 'North');

CREATE TABLE orders (
  order_id NUMERIC,
  customer_id NUMERIC,
  order_date TEXT,
  total_amount NUMERIC
);

INSERT INTO orders VALUES (1001, 43, '2025-02-23', 882.91);
INSERT INTO orders VALUES (1002, 174, '2025-02-16', 909.04);
INSERT INTO orders VALUES (1003, 70, '2024-06-27', 530.77);
INSERT INTO orders VALUES (1004, 117, '2024-06-13', 767.73);
INSERT INTO orders VALUES (1005, 1, '2025-01-27', 54.2);
INSERT INTO orders VALUES (1006, 24, '2024-09-17', 666.8);
INSERT INTO orders VALUES (1007, 191, '2024-12-28', 966.83);
INSERT INTO orders VALUES (1008, 48, '2025-02-14', 74.15);
INSERT INTO orders VALUES (1009, 24, '2025-03-11', 267.88);
INSERT INTO orders VALUES (1010, 12, '2024-08-02', 637.46);
INSERT INTO orders VALUES (1011, 159, '2025-01-30', 542.9);
INSERT INTO orders VALUES (1012, 153, '2024-11-27', 571.11);
INSERT INTO orders VALUES (1013, 64, '2024-11-26', 297.96);
INSERT INTO orders VALUES (1014, 136, '2024-12-04', 85.74);
INSERT INTO orders VALUES (1015, 72, '2024-11-22', 952.35);
INSERT INTO orders VALUES (1016, 59, '2025-04-28', 672.83);
INSERT INTO orders VALUES (1017, 52, '2024-10-07', 883.31);
INSERT INTO orders VALUES (1018, 141, '2024-07-06', 573.79);
INSERT INTO orders VALUES (1019, 16, '2025-02-04', 595.01);
INSERT INTO orders VALUES (1020, 176, '2024-05-28', 612.46);
INSERT INTO orders VALUES (1021, 19, '2024-11-21', 830.26);
INSERT INTO orders VALUES (1022, 140, '2024-09-08', 611.37);
INSERT INTO orders VALUES (1023, 166, '2024-08-02', 298.79);
INSERT INTO orders VALUES (1024, 194, '2024-09-05', 263.41);
INSERT INTO orders VALUES (1025, 76, '2025-04-17', 709.75);
INSERT INTO orders VALUES (1026, 8, '2024-11-30', 638.43);
INSERT INTO orders VALUES (1027, 49, '2025-02-15', 791.93);
INSERT INTO orders VALUES (1028, 51, '2025-05-14', 404.93);
INSERT INTO orders VALUES (1029, 14, '2024-08-26', 280.56);
INSERT INTO orders VALUES (1030, 101, '2024-06-19', 619.16);
INSERT INTO orders VALUES (1031, 46, '2024-08-22', 193.61);
INSERT INTO orders VALUES (1032, 97, '2025-05-16', 372.73);
INSERT INTO orders VALUES (1033, 197, '2024-08-05', 147.22);
INSERT INTO orders VALUES (1034, 40, '2024-06-17', 712.74);
INSERT INTO orders VALUES (1035, 115, '2025-01-07', 493.14);
INSERT INTO orders VALUES (1036, 71, '2024-08-21', 267.92);
INSERT INTO orders VALUES (1037, 194, '2025-01-10', 359.36);
INSERT INTO orders VALUES (1038, 192, '2025-02-06', 369.26);
INSERT INTO orders VALUES (1039, 170, '2024-09-24', 407.93);
INSERT INTO orders VALUES (1040, 64, '2025-05-19', 183.45);
INSERT INTO orders VALUES (1041, 76, '2025-03-22', 158.08);
INSERT INTO orders VALUES (1042, 69, '2024-06-17', 625.18);
INSERT INTO orders VALUES (1043, 77, '2024-08-31', 471.36);
INSERT INTO orders VALUES (1044, 199, '2025-03-24', 262.64);
INSERT INTO orders VALUES (1045, 92, '2025-01-02', 429.09);
INSERT INTO orders VALUES (1046, 81, '2024-09-23', 417.32);
INSERT INTO orders VALUES (1047, 22, '2024-12-21', 658.73);
INSERT INTO orders VALUES (1048, 100, '2024-09-03', 249.21);
INSERT INTO orders VALUES (1049, 182, '2025-05-11', 790.1);
INSERT INTO orders VALUES (1050, 179, '2025-03-19', 640.34);
INSERT INTO orders VALUES (1051, 149, '2024-08-08', 721.62);
INSERT INTO orders VALUES (1052, 98, '2025-04-20', 987.19);
INSERT INTO orders VALUES (1053, 62, '2024-07-27', 430.3);
INSERT INTO orders VALUES (1054, 144, '2024-07-13', 300.97);
INSERT INTO orders VALUES (1055, 94, '2024-11-09', 344.63);
INSERT INTO orders VALUES (1056, 183, '2024-05-25', 644.67);
INSERT INTO orders VALUES (1057, 31, '2024-09-03', 87.07);
INSERT INTO orders VALUES (1058, 17, '2025-05-13', 937.54);
INSERT INTO orders VALUES (1059, 8, '2024-07-26', 913.41);
INSERT INTO orders VALUES (1060, 29, '2024-12-15', 442.78);
INSERT INTO orders VALUES (1061, 164, '2024-09-21', 749.44);
INSERT INTO orders VALUES (1062, 107, '2024-06-03', 124.52);
INSERT INTO orders VALUES (1063, 16, '2025-04-02', 799.3);
INSERT INTO orders VALUES (1064, 184, '2024-07-07', 123.63);
INSERT INTO orders VALUES (1065, 93, '2024-05-29', 303.85);
INSERT INTO orders VALUES (1066, 97, '2024-07-08', 86.09);
INSERT INTO orders VALUES (1067, 111, '2025-03-11', 80.75);
INSERT INTO orders VALUES (1068, 17, '2024-07-25', 742.28);
INSERT INTO orders VALUES (1069, 164, '2024-07-13', 356.34);
INSERT INTO orders VALUES (1070, 177, '2024-06-01', 640.46);
INSERT INTO orders VALUES (1071, 45, '2025-04-07', 425.72);
INSERT INTO orders VALUES (1072, 83, '2024-12-19', 786.46);
INSERT INTO orders VALUES (1073, 135, '2025-01-31', 102.99);
INSERT INTO orders VALUES (1074, 147, '2024-07-06', 513.89);
INSERT INTO orders VALUES (1075, 166, '2025-05-19', 874.26);
INSERT INTO orders VALUES (1076, 197, '2024-09-01', 184.11);
INSERT INTO orders VALUES (1077, 14, '2024-08-10', 616.75);
INSERT INTO orders VALUES (1078, 14, '2024-12-19', 519.01);
INSERT INTO orders VALUES (1079, 123, '2025-02-20', 396.66);
INSERT INTO orders VALUES (1080, 103, '2024-05-28', 993.5);
INSERT INTO orders VALUES (1081, 200, '2024-08-01', 675.91);
INSERT INTO orders VALUES (1082, 68, '2024-08-27', 613.79);
INSERT INTO orders VALUES (1083, 166, '2024-07-05', 682.69);
INSERT INTO orders VALUES (1084, 136, '2024-09-07', 536.24);
INSERT INTO orders VALUES (1085, 44, '2025-04-11', 950.06);
INSERT INTO orders VALUES (1086, 132, '2025-05-01', 174.49);
INSERT INTO orders VALUES (1087, 19, '2024-07-03', 906.48);
INSERT INTO orders VALUES (1088, 74, '2024-09-09', 525.5);
INSERT INTO orders VALUES (1089, 109, '2025-02-04', 268.48);
INSERT INTO orders VALUES (1090, 76, '2025-01-10', 663.3);
INSERT INTO orders VALUES (1091, 173, '2024-06-27', 530.5);
INSERT INTO orders VALUES (1092, 94, '2024-07-30', 567.34);
INSERT INTO orders VALUES (1093, 65, '2024-05-30', 173.33);
INSERT INTO orders VALUES (1094, 200, '2025-04-06', 732.53);
INSERT INTO orders VALUES (1095, 173, '2024-07-20', 394.25);
INSERT INTO orders VALUES (1096, 38, '2025-03-27', 492.81);
INSERT INTO orders VALUES (1097, 7, '2024-12-20', 268.58);
INSERT INTO orders VALUES (1098, 133, '2025-02-11', 941.67);
INSERT INTO orders VALUES (1099, 36, '2024-08-11', 687.69);
INSERT INTO orders VALUES (1100, 119, '2024-10-17', 906.7);
INSERT INTO orders VALUES (1101, 156, '2025-01-03', 596.21);
INSERT INTO orders VALUES (1102, 51, '2025-03-27', 391.11);
INSERT INTO orders VALUES (1103, 33, '2025-02-20', 238.96);
INSERT INTO orders VALUES (1104, 83, '2025-05-17', 848.04);
INSERT INTO orders VALUES (1105, 32, '2025-01-30', 897.25);
INSERT INTO orders VALUES (1106, 133, '2025-01-27', 224.57);
INSERT INTO orders VALUES (1107, 163, '2024-06-03', 950.56);
INSERT INTO orders VALUES (1108, 166, '2024-08-30', 774.43);
INSERT INTO orders VALUES (1109, 45, '2024-06-22', 368.49);
INSERT INTO orders VALUES (1110, 10, '2024-10-10', 474.57);
INSERT INTO orders VALUES (1111, 68, '2024-12-03', 509.96);
INSERT INTO orders VALUES (1112, 24, '2024-11-28', 892.01);
INSERT INTO orders VALUES (1113, 1, '2025-05-20', 496.06);
INSERT INTO orders VALUES (1114, 120, '2025-01-09', 506.52);
INSERT INTO orders VALUES (1115, 143, '2024-05-23', 588.31);
INSERT INTO orders VALUES (1116, 2, '2025-03-14', 991.22);
INSERT INTO orders VALUES (1117, 70, '2024-11-27', 719.98);
INSERT INTO orders VALUES (1118, 129, '2024-07-22', 149.66);
INSERT INTO orders VALUES (1119, 44, '2025-01-12', 54.72);
INSERT INTO orders VALUES (1120, 4, '2024-06-05', 570.89);
INSERT INTO orders VALUES (1121, 163, '2024-08-15', 527.62);
INSERT INTO orders VALUES (1122, 184, '2025-01-03', 975.14);
INSERT INTO orders VALUES (1123, 9, '2024-12-20', 99.6);
INSERT INTO orders VALUES (1124, 152, '2025-01-26', 287.76);
INSERT INTO orders VALUES (1125, 177, '2025-04-03', 509.46);
INSERT INTO orders VALUES (1126, 166, '2025-02-19', 719.42);
INSERT INTO orders VALUES (1127, 185, '2024-11-01', 243.95);
INSERT INTO orders VALUES (1128, 29, '2024-07-03', 933.91);
INSERT INTO orders VALUES (1129, 39, '2024-12-13', 808.4);
INSERT INTO orders VALUES (1130, 62, '2024-10-08', 844.18);
INSERT INTO orders VALUES (1131, 184, '2025-02-24', 526.07);
INSERT INTO orders VALUES (1132, 24, '2024-06-03', 610.61);
INSERT INTO orders VALUES (1133, 24, '2024-10-11', 937.91);
INSERT INTO orders VALUES (1134, 70, '2024-12-03', 308.92);
INSERT INTO orders VALUES (1135, 168, '2025-01-09', 282.42);
INSERT INTO orders VALUES (1136, 122, '2024-10-06', 211.49);
INSERT INTO orders VALUES (1137, 64, '2025-01-09', 379.82);
INSERT INTO orders VALUES (1138, 131, '2024-11-22', 828.78);
INSERT INTO orders VALUES (1139, 156, '2025-01-07', 593.41);
INSERT INTO orders VALUES (1140, 74, '2025-05-02', 136.73);
INSERT INTO orders VALUES (1141, 72, '2024-07-24', 419.39);
INSERT INTO orders VALUES (1142, 67, '2024-08-14', 853.62);
INSERT INTO orders VALUES (1143, 183, '2024-06-24', 685.01);
INSERT INTO orders VALUES (1144, 124, '2024-09-09', 92.79);
INSERT INTO orders VALUES (1145, 149, '2024-12-04', 837.18);
INSERT INTO orders VALUES (1146, 172, '2025-03-02', 318.2);
INSERT INTO orders VALUES (1147, 4, '2025-01-23', 687.73);
INSERT INTO orders VALUES (1148, 105, '2025-02-13', 407.85);
INSERT INTO orders VALUES (1149, 65, '2024-09-13', 805.8);
INSERT INTO orders VALUES (1150, 57, '2024-12-24', 322.76);
INSERT INTO orders VALUES (1151, 68, '2024-12-27', 992.39);
INSERT INTO orders VALUES (1152, 25, '2025-02-23', 218.14);
INSERT INTO orders VALUES (1153, 130, '2025-01-18', 637.69);
INSERT INTO orders VALUES (1154, 65, '2024-11-17', 566.04);
INSERT INTO orders VALUES (1155, 153, '2025-04-28', 489.78);
INSERT INTO orders VALUES (1156, 180, '2024-08-21', 780.89);
INSERT INTO orders VALUES (1157, 47, '2025-04-20', 413.59);
INSERT INTO orders VALUES (1158, 67, '2024-10-07', 154.15);
INSERT INTO orders VALUES (1159, 165, '2025-03-29', 607.08);
INSERT INTO orders VALUES (1160, 133, '2025-05-02', 512.05);
INSERT INTO orders VALUES (1161, 89, '2024-12-23', 713.65);
INSERT INTO orders VALUES (1162, 129, '2024-05-23', 916.04);
INSERT INTO orders VALUES (1163, 199, '2024-10-19', 491.42);
INSERT INTO orders VALUES (1164, 29, '2025-03-19', 959.3);
INSERT INTO orders VALUES (1165, 190, '2024-12-26', 263.13);
INSERT INTO orders VALUES (1166, 13, '2024-07-31', 103.3);
INSERT INTO orders VALUES (1167, 137, '2024-07-19', 859.48);
INSERT INTO orders VALUES (1168, 41, '2024-10-15', 686.87);
INSERT INTO orders VALUES (1169, 200, '2024-11-11', 138.95);
INSERT INTO orders VALUES (1170, 101, '2024-07-25', 787.16);
INSERT INTO orders VALUES (1171, 127, '2025-05-03', 161.91);
INSERT INTO orders VALUES (1172, 40, '2025-03-17', 618.61);
INSERT INTO orders VALUES (1173, 7, '2025-02-25', 267.72);
INSERT INTO orders VALUES (1174, 200, '2024-09-18', 561.38);
INSERT INTO orders VALUES (1175, 90, '2025-01-31', 370.4);
INSERT INTO orders VALUES (1176, 4, '2024-07-10', 323.37);
INSERT INTO orders VALUES (1177, 11, '2024-08-20', 826.77);
INSERT INTO orders VALUES (1178, 89, '2024-11-17', 277.91);
INSERT INTO orders VALUES (1179, 135, '2025-02-09', 237.27);
INSERT INTO orders VALUES (1180, 41, '2024-11-01', 770.88);
INSERT INTO orders VALUES (1181, 115, '2025-04-16', 925.68);
INSERT INTO orders VALUES (1182, 96, '2024-07-15', 119.16);
INSERT INTO orders VALUES (1183, 122, '2025-04-19', 761.65);
INSERT INTO orders VALUES (1184, 82, '2024-11-22', 733.83);
INSERT INTO orders VALUES (1185, 50, '2025-03-20', 895.67);
INSERT INTO orders VALUES (1186, 109, '2024-09-15', 499.36);
INSERT INTO orders VALUES (1187, 183, '2024-06-08', 570.37);
INSERT INTO orders VALUES (1188, 83, '2024-07-18', 688.0);
INSERT INTO orders VALUES (1189, 171, '2025-01-29', 262.24);
INSERT INTO orders VALUES (1190, 79, '2024-11-01', 683.75);
INSERT INTO orders VALUES (1191, 185, '2025-05-01', 305.88);
INSERT INTO orders VALUES (1192, 79, '2025-03-08', 708.09);
INSERT INTO orders VALUES (1193, 67, '2024-12-02', 117.5);
INSERT INTO orders VALUES (1194, 155, '2024-12-21', 905.04);
INSERT INTO orders VALUES (1195, 130, '2025-02-26', 809.14);
INSERT INTO orders VALUES (1196, 126, '2025-02-26', 796.7);
INSERT INTO orders VALUES (1197, 133, '2025-03-03', 553.67);
INSERT INTO orders VALUES (1198, 158, '2025-05-11', 524.62);
INSERT INTO orders VALUES (1199, 99, '2025-02-20', 671.69);
INSERT INTO orders VALUES (1200, 154, '2024-12-05', 671.93);
INSERT INTO orders VALUES (1201, 34, '2025-05-07', 120.37);
INSERT INTO orders VALUES (1202, 161, '2024-11-25', 134.96);
INSERT INTO orders VALUES (1203, 7, '2025-04-15', 803.78);
INSERT INTO orders VALUES (1204, 17, '2024-06-08', 697.69);
INSERT INTO orders VALUES (1205, 195, '2024-11-26', 495.71);
INSERT INTO orders VALUES (1206, 158, '2024-12-19', 182.85);
INSERT INTO orders VALUES (1207, 34, '2025-05-06', 210.12);
INSERT INTO orders VALUES (1208, 125, '2024-08-14', 590.67);
INSERT INTO orders VALUES (1209, 160, '2024-12-01', 303.65);
INSERT INTO orders VALUES (1210, 104, '2024-08-06', 734.58);
INSERT INTO orders VALUES (1211, 24, '2025-04-08', 769.9);
INSERT INTO orders VALUES (1212, 118, '2025-03-31', 318.09);
INSERT INTO orders VALUES (1213, 61, '2024-12-26', 406.67);
INSERT INTO orders VALUES (1214, 4, '2025-05-22', 393.9);
INSERT INTO orders VALUES (1215, 1, '2024-07-07', 997.14);
INSERT INTO orders VALUES (1216, 143, '2025-03-23', 50.39);
INSERT INTO orders VALUES (1217, 144, '2025-03-01', 395.5);
INSERT INTO orders VALUES (1218, 1, '2025-01-28', 594.72);
INSERT INTO orders VALUES (1219, 164, '2024-12-11', 491.41);
INSERT INTO orders VALUES (1220, 139, '2025-02-26', 425.43);
INSERT INTO orders VALUES (1221, 169, '2024-07-06', 192.22);
INSERT INTO orders VALUES (1222, 50, '2025-01-13', 443.23);
INSERT INTO orders VALUES (1223, 103, '2024-12-14', 59.97);
INSERT INTO orders VALUES (1224, 199, '2025-02-09', 972.97);
INSERT INTO orders VALUES (1225, 153, '2024-12-05', 928.2);
INSERT INTO orders VALUES (1226, 85, '2024-11-26', 680.58);
INSERT INTO orders VALUES (1227, 18, '2024-08-22', 898.29);
INSERT INTO orders VALUES (1228, 101, '2025-03-28', 607.02);
INSERT INTO orders VALUES (1229, 64, '2024-06-26', 597.49);
INSERT INTO orders VALUES (1230, 65, '2025-02-03', 262.76);
INSERT INTO orders VALUES (1231, 150, '2024-08-31', 59.8);
INSERT INTO orders VALUES (1232, 79, '2025-05-01', 888.51);
INSERT INTO orders VALUES (1233, 132, '2024-08-10', 541.7);
INSERT INTO orders VALUES (1234, 74, '2024-11-02', 673.49);
INSERT INTO orders VALUES (1235, 104, '2025-05-07', 322.29);
INSERT INTO orders VALUES (1236, 41, '2025-03-18', 800.84);
INSERT INTO orders VALUES (1237, 26, '2024-11-18', 689.27);
INSERT INTO orders VALUES (1238, 35, '2025-01-25', 262.41);
INSERT INTO orders VALUES (1239, 102, '2025-02-19', 335.46);
INSERT INTO orders VALUES (1240, 79, '2024-11-03', 218.53);
INSERT INTO orders VALUES (1241, 30, '2025-01-20', 81.97);
INSERT INTO orders VALUES (1242, 139, '2024-09-05', 381.65);
INSERT INTO orders VALUES (1243, 71, '2024-10-31', 209.97);
INSERT INTO orders VALUES (1244, 57, '2024-06-04', 321.39);
INSERT INTO orders VALUES (1245, 116, '2024-06-18', 722.71);
INSERT INTO orders VALUES (1246, 6, '2024-09-14', 683.2);
INSERT INTO orders VALUES (1247, 87, '2024-12-13', 709.15);
INSERT INTO orders VALUES (1248, 40, '2025-03-20', 754.33);
INSERT INTO orders VALUES (1249, 188, '2024-10-05', 150.66);
INSERT INTO orders VALUES (1250, 46, '2025-05-06', 965.24);
INSERT INTO orders VALUES (1251, 9, '2024-12-14', 281.82);
INSERT INTO orders VALUES (1252, 75, '2024-08-23', 392.01);
INSERT INTO orders VALUES (1253, 199, '2024-07-09', 657.93);
INSERT INTO orders VALUES (1254, 9, '2024-06-19', 814.48);
INSERT INTO orders VALUES (1255, 79, '2024-09-05', 816.4);
INSERT INTO orders VALUES (1256, 99, '2024-08-29', 736.08);
INSERT INTO orders VALUES (1257, 186, '2024-07-19', 268.08);
INSERT INTO orders VALUES (1258, 22, '2025-02-25', 275.17);
INSERT INTO orders VALUES (1259, 48, '2024-06-19', 212.63);
INSERT INTO orders VALUES (1260, 12, '2024-10-30', 377.18);
INSERT INTO orders VALUES (1261, 119, '2025-04-30', 635.24);
INSERT INTO orders VALUES (1262, 145, '2025-01-24', 443.0);
INSERT INTO orders VALUES (1263, 57, '2024-08-02', 915.17);
INSERT INTO orders VALUES (1264, 105, '2024-09-30', 422.71);
INSERT INTO orders VALUES (1265, 75, '2025-03-08', 577.01);
INSERT INTO orders VALUES (1266, 124, '2024-06-20', 815.36);
INSERT INTO orders VALUES (1267, 111, '2024-11-24', 286.55);
INSERT INTO orders VALUES (1268, 101, '2025-02-14', 975.47);
INSERT INTO orders VALUES (1269, 123, '2024-08-17', 613.67);
INSERT INTO orders VALUES (1270, 86, '2025-03-01', 754.77);
INSERT INTO orders VALUES (1271, 1, '2024-06-06', 911.91);
INSERT INTO orders VALUES (1272, 63, '2024-10-30', 766.06);
INSERT INTO orders VALUES (1273, 51, '2024-09-18', 851.97);
INSERT INTO orders VALUES (1274, 29, '2024-12-05', 889.95);
INSERT INTO orders VALUES (1275, 60, '2025-03-12', 846.37);
INSERT INTO orders VALUES (1276, 170, '2024-06-01', 827.48);
INSERT INTO orders VALUES (1277, 178, '2024-11-12', 825.47);
INSERT INTO orders VALUES (1278, 129, '2025-03-14', 161.32);
INSERT INTO orders VALUES (1279, 138, '2025-03-20', 231.0);
INSERT INTO orders VALUES (1280, 29, '2025-01-04', 233.4);
INSERT INTO orders VALUES (1281, 160, '2025-03-02', 152.88);
INSERT INTO orders VALUES (1282, 189, '2024-06-20', 411.94);
INSERT INTO orders VALUES (1283, 42, '2024-10-14', 867.92);
INSERT INTO orders VALUES (1284, 96, '2025-05-15', 318.81);
INSERT INTO orders VALUES (1285, 107, '2025-04-09', 64.57);
INSERT INTO orders VALUES (1286, 93, '2025-05-12', 686.3);
INSERT INTO orders VALUES (1287, 147, '2024-08-14', 461.35);
INSERT INTO orders VALUES (1288, 160, '2024-08-07', 626.28);
INSERT INTO orders VALUES (1289, 156, '2025-03-03', 600.05);
INSERT INTO orders VALUES (1290, 40, '2024-05-30', 217.11);
INSERT INTO orders VALUES (1291, 194, '2024-08-05', 555.25);
INSERT INTO orders VALUES (1292, 66, '2025-05-04', 51.42);
INSERT INTO orders VALUES (1293, 36, '2024-06-30', 959.97);
INSERT INTO orders VALUES (1294, 178, '2024-09-17', 768.6);
INSERT INTO orders VALUES (1295, 154, '2024-06-06', 490.41);
INSERT INTO orders VALUES (1296, 90, '2024-08-28', 356.94);
INSERT INTO orders VALUES (1297, 26, '2025-05-21', 984.72);
INSERT INTO orders VALUES (1298, 143, '2024-11-25', 297.93);
INSERT INTO orders VALUES (1299, 181, '2024-12-01', 316.6);
INSERT INTO orders VALUES (1300, 40, '2025-02-19', 311.21);
INSERT INTO orders VALUES (1301, 119, '2024-08-05', 832.4);
INSERT INTO orders VALUES (1302, 9, '2025-01-09', 855.84);
INSERT INTO orders VALUES (1303, 62, '2025-04-18', 361.8);
INSERT INTO orders VALUES (1304, 108, '2024-06-06', 131.15);
INSERT INTO orders VALUES (1305, 149, '2025-01-25', 832.01);
INSERT INTO orders VALUES (1306, 50, '2024-11-12', 441.55);
INSERT INTO orders VALUES (1307, 71, '2025-03-13', 784.53);
INSERT INTO orders VALUES (1308, 194, '2024-10-14', 887.06);
INSERT INTO orders VALUES (1309, 109, '2024-12-11', 424.55);
INSERT INTO orders VALUES (1310, 10, '2024-09-13', 840.3);
INSERT INTO orders VALUES (1311, 110, '2025-01-23', 236.2);
INSERT INTO orders VALUES (1312, 60, '2025-03-17', 424.54);
INSERT INTO orders VALUES (1313, 138, '2025-04-20', 710.8);
INSERT INTO orders VALUES (1314, 181, '2025-04-30', 295.31);
INSERT INTO orders VALUES (1315, 182, '2024-10-04', 902.38);
INSERT INTO orders VALUES (1316, 13, '2024-12-16', 789.53);
INSERT INTO orders VALUES (1317, 28, '2024-07-06', 173.64);
INSERT INTO orders VALUES (1318, 14, '2024-09-04', 597.76);
INSERT INTO orders VALUES (1319, 87, '2025-04-23', 829.11);
INSERT INTO orders VALUES (1320, 78, '2024-11-01', 194.1);
INSERT INTO orders VALUES (1321, 129, '2025-05-23', 889.49);
INSERT INTO orders VALUES (1322, 25, '2025-04-09', 460.27);
INSERT INTO orders VALUES (1323, 198, '2024-09-07', 297.27);
INSERT INTO orders VALUES (1324, 54, '2024-05-26', 352.12);
INSERT INTO orders VALUES (1325, 47, '2024-09-05', 709.58);
INSERT INTO orders VALUES (1326, 155, '2024-12-22', 626.74);
INSERT INTO orders VALUES (1327, 49, '2025-04-20', 54.55);
INSERT INTO orders VALUES (1328, 107, '2025-03-29', 154.21);
INSERT INTO orders VALUES (1329, 9, '2024-07-07', 680.0);
INSERT INTO orders VALUES (1330, 17, '2024-12-14', 394.17);
INSERT INTO orders VALUES (1331, 79, '2025-05-12', 839.27);
INSERT INTO orders VALUES (1332, 180, '2024-10-20', 388.7);
INSERT INTO orders VALUES (1333, 58, '2025-05-18', 768.68);
INSERT INTO orders VALUES (1334, 127, '2024-11-16', 600.91);
INSERT INTO orders VALUES (1335, 89, '2024-08-22', 320.99);
INSERT INTO orders VALUES (1336, 168, '2024-11-07', 913.07);
INSERT INTO orders VALUES (1337, 15, '2025-05-15', 371.6);
INSERT INTO orders VALUES (1338, 186, '2025-05-23', 649.61);
INSERT INTO orders VALUES (1339, 38, '2024-05-28', 228.19);
INSERT INTO orders VALUES (1340, 124, '2025-02-01', 384.77);
INSERT INTO orders VALUES (1341, 79, '2025-04-02', 549.77);
INSERT INTO orders VALUES (1342, 27, '2024-10-19', 141.87);
INSERT INTO orders VALUES (1343, 180, '2025-03-31', 216.34);
INSERT INTO orders VALUES (1344, 1, '2024-12-22', 938.28);
INSERT INTO orders VALUES (1345, 194, '2025-03-11', 310.97);
INSERT INTO orders VALUES (1346, 105, '2025-02-24', 359.92);
INSERT INTO orders VALUES (1347, 199, '2025-03-06', 607.16);
INSERT INTO orders VALUES (1348, 78, '2025-03-27', 173.74);
INSERT INTO orders VALUES (1349, 10, '2025-01-26', 695.05);
INSERT INTO orders VALUES (1350, 90, '2024-07-28', 250.81);
INSERT INTO orders VALUES (1351, 160, '2025-03-29', 709.55);
INSERT INTO orders VALUES (1352, 141, '2025-01-21', 408.18);
INSERT INTO orders VALUES (1353, 140, '2024-09-12', 742.42);
INSERT INTO orders VALUES (1354, 176, '2025-02-17', 141.42);
INSERT INTO orders VALUES (1355, 78, '2024-12-30', 700.61);
INSERT INTO orders VALUES (1356, 121, '2025-02-04', 410.05);
INSERT INTO orders VALUES (1357, 167, '2025-03-17', 255.26);
INSERT INTO orders VALUES (1358, 31, '2025-03-18', 963.34);
INSERT INTO orders VALUES (1359, 183, '2024-06-06', 840.26);
INSERT INTO orders VALUES (1360, 67, '2025-02-02', 685.01);
INSERT INTO orders VALUES (1361, 18, '2025-01-01', 975.71);
INSERT INTO orders VALUES (1362, 177, '2024-09-27', 794.74);
INSERT INTO orders VALUES (1363, 185, '2024-11-01', 725.55);
INSERT INTO orders VALUES (1364, 160, '2024-06-18', 597.72);
INSERT INTO orders VALUES (1365, 175, '2024-06-09', 918.73);
INSERT INTO orders VALUES (1366, 138, '2024-08-01', 589.63);
INSERT INTO orders VALUES (1367, 35, '2024-11-20', 595.98);
INSERT INTO orders VALUES (1368, 17, '2024-11-16', 547.25);
INSERT INTO orders VALUES (1369, 96, '2024-11-15', 392.68);
INSERT INTO orders VALUES (1370, 182, '2025-05-22', 883.89);
INSERT INTO orders VALUES (1371, 197, '2024-10-09', 429.46);
INSERT INTO orders VALUES (1372, 169, '2024-12-19', 280.8);
INSERT INTO orders VALUES (1373, 22, '2024-09-10', 276.54);
INSERT INTO orders VALUES (1374, 5, '2025-03-13', 625.86);
INSERT INTO orders VALUES (1375, 58, '2025-01-21', 253.51);
INSERT INTO orders VALUES (1376, 89, '2025-04-16', 799.2);
INSERT INTO orders VALUES (1377, 41, '2025-04-11', 717.35);
INSERT INTO orders VALUES (1378, 57, '2024-08-04', 585.15);
INSERT INTO orders VALUES (1379, 93, '2025-02-25', 450.9);
INSERT INTO orders VALUES (1380, 75, '2024-12-07', 317.54);
INSERT INTO orders VALUES (1381, 52, '2024-09-22', 338.55);
INSERT INTO orders VALUES (1382, 185, '2025-04-17', 639.66);
INSERT INTO orders VALUES (1383, 155, '2025-02-19', 642.25);
INSERT INTO orders VALUES (1384, 20, '2024-06-25', 571.02);
INSERT INTO orders VALUES (1385, 197, '2025-04-11', 442.18);
INSERT INTO orders VALUES (1386, 12, '2025-02-14', 419.97);
INSERT INTO orders VALUES (1387, 176, '2025-02-22', 410.67);
INSERT INTO orders VALUES (1388, 65, '2025-04-01', 664.1);
INSERT INTO orders VALUES (1389, 166, '2024-11-26', 590.22);
INSERT INTO orders VALUES (1390, 191, '2024-05-24', 109.58);
INSERT INTO orders VALUES (1391, 21, '2024-11-25', 770.68);
INSERT INTO orders VALUES (1392, 86, '2025-02-10', 872.88);
INSERT INTO orders VALUES (1393, 36, '2025-01-07', 384.12);
INSERT INTO orders VALUES (1394, 61, '2024-05-29', 796.98);
INSERT INTO orders VALUES (1395, 82, '2025-02-19', 678.12);
INSERT INTO orders VALUES (1396, 12, '2025-02-03', 981.13);
INSERT INTO orders VALUES (1397, 175, '2024-06-12', 807.55);
INSERT INTO orders VALUES (1398, 142, '2025-05-04', 219.98);
INSERT INTO orders VALUES (1399, 62, '2025-01-11', 635.34);
INSERT INTO orders VALUES (1400, 165, '2024-07-15', 403.19);

CREATE TABLE products (
  product_id NUMERIC,
  product_name TEXT,
  price NUMERIC
);

INSERT INTO products VALUES (2001, 'Service', 310.26);
INSERT INTO products VALUES (2002, 'Class', 133.48);
INSERT INTO products VALUES (2003, 'Long', 107.48);
INSERT INTO products VALUES (2004, 'Book', 22.29);
INSERT INTO products VALUES (2005, 'Hand', 75.2);
INSERT INTO products VALUES (2006, 'Test', 420.5);
INSERT INTO products VALUES (2007, 'Next', 60.9);
INSERT INTO products VALUES (2008, 'Material', 210.35);
INSERT INTO products VALUES (2009, 'Resource', 18.98);
INSERT INTO products VALUES (2010, 'Rise', 217.89);
INSERT INTO products VALUES (2011, 'Arm', 256.62);
INSERT INTO products VALUES (2012, 'General', 390.96);
INSERT INTO products VALUES (2013, 'Pull', 190.36);
INSERT INTO products VALUES (2014, 'Defense', 256.68);
INSERT INTO products VALUES (2015, 'Music', 271.77);
INSERT INTO products VALUES (2016, 'Down', 319.04);
INSERT INTO products VALUES (2017, 'Know', 176.51);
INSERT INTO products VALUES (2018, 'Already', 404.57);
INSERT INTO products VALUES (2019, 'Wait', 105.55);
INSERT INTO products VALUES (2020, 'Effect', 336.74);
INSERT INTO products VALUES (2021, 'Alone', 270.61);
INSERT INTO products VALUES (2022, 'Set', 203.02);
INSERT INTO products VALUES (2023, 'Ability', 456.74);
INSERT INTO products VALUES (2024, 'Rest', 150.28);
INSERT INTO products VALUES (2025, 'Until', 71.98);
INSERT INTO products VALUES (2026, 'Song', 14.48);
INSERT INTO products VALUES (2027, 'Cause', 114.68);
INSERT INTO products VALUES (2028, 'Just', 458.11);
INSERT INTO products VALUES (2029, 'Charge', 393.8);
INSERT INTO products VALUES (2030, 'Huge', 459.0);

CREATE TABLE order_items (
  order_id NUMERIC,
  product_id NUMERIC,
  quantity NUMERIC
);

INSERT INTO order_items VALUES (1239, 2007, 2);
INSERT INTO order_items VALUES (1061, 2011, 1);
INSERT INTO order_items VALUES (1282, 2027, 4);
INSERT INTO order_items VALUES (1234, 2015, 3);
INSERT INTO order_items VALUES (1289, 2001, 1);
INSERT INTO order_items VALUES (1078, 2002, 2);
INSERT INTO order_items VALUES (1249, 2016, 5);
INSERT INTO order_items VALUES (1226, 2011, 3);
INSERT INTO order_items VALUES (1231, 2021, 1);
INSERT INTO order_items VALUES (1281, 2021, 2);
INSERT INTO order_items VALUES (1263, 2013, 1);
INSERT INTO order_items VALUES (1068, 2018, 4);
INSERT INTO order_items VALUES (1112, 2015, 5);
INSERT INTO order_items VALUES (1215, 2002, 2);
INSERT INTO order_items VALUES (1230, 2010, 2);
INSERT INTO order_items VALUES (1253, 2024, 5);
INSERT INTO order_items VALUES (1158, 2020, 4);
INSERT INTO order_items VALUES (1281, 2027, 3);
INSERT INTO order_items VALUES (1202, 2014, 1);
INSERT INTO order_items VALUES (1045, 2025, 4);
INSERT INTO order_items VALUES (1396, 2008, 5);
INSERT INTO order_items VALUES (1217, 2029, 4);
INSERT INTO order_items VALUES (1249, 2020, 5);
INSERT INTO order_items VALUES (1315, 2028, 2);
INSERT INTO order_items VALUES (1316, 2027, 3);
INSERT INTO order_items VALUES (1298, 2013, 2);
INSERT INTO order_items VALUES (1170, 2025, 5);
INSERT INTO order_items VALUES (1146, 2008, 2);
INSERT INTO order_items VALUES (1161, 2015, 4);
INSERT INTO order_items VALUES (1289, 2019, 3);
INSERT INTO order_items VALUES (1006, 2028, 1);
INSERT INTO order_items VALUES (1286, 2003, 2);
INSERT INTO order_items VALUES (1011, 2013, 3);
INSERT INTO order_items VALUES (1051, 2007, 3);
INSERT INTO order_items VALUES (1093, 2005, 5);
INSERT INTO order_items VALUES (1088, 2012, 3);
INSERT INTO order_items VALUES (1184, 2027, 4);
INSERT INTO order_items VALUES (1052, 2021, 2);
INSERT INTO order_items VALUES (1318, 2010, 3);
INSERT INTO order_items VALUES (1012, 2015, 1);
INSERT INTO order_items VALUES (1253, 2003, 4);
INSERT INTO order_items VALUES (1044, 2020, 5);
INSERT INTO order_items VALUES (1129, 2007, 4);
INSERT INTO order_items VALUES (1374, 2025, 1);
INSERT INTO order_items VALUES (1199, 2005, 2);
INSERT INTO order_items VALUES (1351, 2003, 4);
INSERT INTO order_items VALUES (1200, 2013, 4);
INSERT INTO order_items VALUES (1220, 2019, 1);
INSERT INTO order_items VALUES (1124, 2012, 1);
INSERT INTO order_items VALUES (1275, 2018, 4);
INSERT INTO order_items VALUES (1304, 2006, 5);
INSERT INTO order_items VALUES (1335, 2014, 1);
INSERT INTO order_items VALUES (1323, 2019, 1);
INSERT INTO order_items VALUES (1380, 2022, 3);
INSERT INTO order_items VALUES (1222, 2013, 3);
INSERT INTO order_items VALUES (1129, 2001, 4);
INSERT INTO order_items VALUES (1286, 2018, 5);
INSERT INTO order_items VALUES (1345, 2013, 4);
INSERT INTO order_items VALUES (1392, 2016, 1);
INSERT INTO order_items VALUES (1348, 2006, 5);
INSERT INTO order_items VALUES (1124, 2026, 3);
INSERT INTO order_items VALUES (1256, 2006, 2);
INSERT INTO order_items VALUES (1235, 2007, 2);
INSERT INTO order_items VALUES (1309, 2006, 4);
INSERT INTO order_items VALUES (1377, 2019, 1);
INSERT INTO order_items VALUES (1136, 2025, 5);
INSERT INTO order_items VALUES (1254, 2016, 5);
INSERT INTO order_items VALUES (1231, 2005, 4);
INSERT INTO order_items VALUES (1349, 2014, 3);
INSERT INTO order_items VALUES (1340, 2020, 5);
INSERT INTO order_items VALUES (1204, 2008, 3);
INSERT INTO order_items VALUES (1117, 2007, 5);
INSERT INTO order_items VALUES (1256, 2028, 1);
INSERT INTO order_items VALUES (1160, 2027, 3);
INSERT INTO order_items VALUES (1350, 2018, 5);
INSERT INTO order_items VALUES (1047, 2029, 5);
INSERT INTO order_items VALUES (1239, 2008, 1);
INSERT INTO order_items VALUES (1328, 2007, 5);
INSERT INTO order_items VALUES (1201, 2005, 1);
INSERT INTO order_items VALUES (1113, 2028, 1);
INSERT INTO order_items VALUES (1368, 2001, 5);
INSERT INTO order_items VALUES (1011, 2007, 4);
INSERT INTO order_items VALUES (1347, 2005, 1);
INSERT INTO order_items VALUES (1248, 2002, 3);
INSERT INTO order_items VALUES (1026, 2022, 3);
INSERT INTO order_items VALUES (1262, 2016, 5);
INSERT INTO order_items VALUES (1384, 2012, 3);
INSERT INTO order_items VALUES (1042, 2021, 1);
INSERT INTO order_items VALUES (1049, 2010, 1);
INSERT INTO order_items VALUES (1395, 2001, 4);
INSERT INTO order_items VALUES (1178, 2023, 3);
INSERT INTO order_items VALUES (1380, 2011, 1);
INSERT INTO order_items VALUES (1339, 2008, 4);
INSERT INTO order_items VALUES (1225, 2021, 2);
INSERT INTO order_items VALUES (1197, 2002, 5);
INSERT INTO order_items VALUES (1195, 2010, 4);
INSERT INTO order_items VALUES (1223, 2028, 5);
INSERT INTO order_items VALUES (1279, 2004, 4);
INSERT INTO order_items VALUES (1321, 2005, 3);
INSERT INTO order_items VALUES (1399, 2010, 2);
INSERT INTO order_items VALUES (1339, 2002, 4);
INSERT INTO order_items VALUES (1322, 2022, 4);
INSERT INTO order_items VALUES (1325, 2017, 1);
INSERT INTO order_items VALUES (1387, 2021, 2);
INSERT INTO order_items VALUES (1340, 2029, 4);
INSERT INTO order_items VALUES (1395, 2003, 2);
INSERT INTO order_items VALUES (1322, 2015, 2);
INSERT INTO order_items VALUES (1067, 2001, 3);
INSERT INTO order_items VALUES (1169, 2010, 5);
INSERT INTO order_items VALUES (1011, 2018, 1);
INSERT INTO order_items VALUES (1279, 2026, 1);
INSERT INTO order_items VALUES (1130, 2012, 3);
INSERT INTO order_items VALUES (1343, 2006, 1);
INSERT INTO order_items VALUES (1381, 2012, 3);
INSERT INTO order_items VALUES (1381, 2016, 1);
INSERT INTO order_items VALUES (1368, 2001, 5);
INSERT INTO order_items VALUES (1275, 2030, 4);
INSERT INTO order_items VALUES (1184, 2030, 5);
INSERT INTO order_items VALUES (1282, 2011, 4);
INSERT INTO order_items VALUES (1377, 2030, 4);
INSERT INTO order_items VALUES (1244, 2029, 2);
INSERT INTO order_items VALUES (1250, 2023, 4);
INSERT INTO order_items VALUES (1032, 2005, 1);
INSERT INTO order_items VALUES (1291, 2030, 1);
INSERT INTO order_items VALUES (1259, 2025, 5);
INSERT INTO order_items VALUES (1209, 2020, 4);
INSERT INTO order_items VALUES (1391, 2025, 2);
INSERT INTO order_items VALUES (1388, 2027, 1);
INSERT INTO order_items VALUES (1287, 2024, 1);
INSERT INTO order_items VALUES (1189, 2019, 2);
INSERT INTO order_items VALUES (1094, 2020, 3);
INSERT INTO order_items VALUES (1125, 2022, 2);
INSERT INTO order_items VALUES (1008, 2009, 3);
INSERT INTO order_items VALUES (1195, 2005, 5);
INSERT INTO order_items VALUES (1220, 2002, 2);
INSERT INTO order_items VALUES (1391, 2023, 4);
INSERT INTO order_items VALUES (1079, 2008, 3);
INSERT INTO order_items VALUES (1109, 2023, 3);
INSERT INTO order_items VALUES (1300, 2029, 3);
INSERT INTO order_items VALUES (1321, 2003, 5);
INSERT INTO order_items VALUES (1162, 2004, 2);
INSERT INTO order_items VALUES (1233, 2009, 1);
INSERT INTO order_items VALUES (1341, 2008, 1);
INSERT INTO order_items VALUES (1097, 2007, 1);
INSERT INTO order_items VALUES (1015, 2017, 2);
INSERT INTO order_items VALUES (1343, 2010, 3);
INSERT INTO order_items VALUES (1254, 2009, 3);
INSERT INTO order_items VALUES (1064, 2021, 2);
INSERT INTO order_items VALUES (1274, 2001, 2);
INSERT INTO order_items VALUES (1347, 2005, 4);
INSERT INTO order_items VALUES (1077, 2020, 3);
INSERT INTO order_items VALUES (1396, 2008, 2);
INSERT INTO order_items VALUES (1082, 2006, 2);
INSERT INTO order_items VALUES (1002, 2008, 1);
INSERT INTO order_items VALUES (1222, 2005, 1);
INSERT INTO order_items VALUES (1163, 2024, 5);
INSERT INTO order_items VALUES (1381, 2021, 3);
INSERT INTO order_items VALUES (1161, 2012, 3);
INSERT INTO order_items VALUES (1291, 2013, 2);
INSERT INTO order_items VALUES (1143, 2030, 4);
INSERT INTO order_items VALUES (1144, 2006, 5);
INSERT INTO order_items VALUES (1074, 2030, 4);
INSERT INTO order_items VALUES (1232, 2019, 2);
INSERT INTO order_items VALUES (1226, 2029, 4);
INSERT INTO order_items VALUES (1376, 2012, 2);
INSERT INTO order_items VALUES (1194, 2030, 2);
INSERT INTO order_items VALUES (1212, 2022, 2);
INSERT INTO order_items VALUES (1106, 2026, 3);
INSERT INTO order_items VALUES (1067, 2024, 4);
INSERT INTO order_items VALUES (1322, 2027, 2);
INSERT INTO order_items VALUES (1265, 2004, 4);
INSERT INTO order_items VALUES (1184, 2014, 1);
INSERT INTO order_items VALUES (1156, 2030, 5);
INSERT INTO order_items VALUES (1297, 2023, 5);
INSERT INTO order_items VALUES (1006, 2026, 1);
INSERT INTO order_items VALUES (1255, 2014, 2);
INSERT INTO order_items VALUES (1187, 2029, 1);
INSERT INTO order_items VALUES (1358, 2026, 4);
INSERT INTO order_items VALUES (1186, 2005, 2);
INSERT INTO order_items VALUES (1133, 2012, 4);
INSERT INTO order_items VALUES (1099, 2030, 3);
INSERT INTO order_items VALUES (1127, 2024, 3);
INSERT INTO order_items VALUES (1010, 2028, 1);
INSERT INTO order_items VALUES (1016, 2019, 5);
INSERT INTO order_items VALUES (1184, 2011, 2);
INSERT INTO order_items VALUES (1384, 2026, 3);
INSERT INTO order_items VALUES (1043, 2015, 1);
INSERT INTO order_items VALUES (1336, 2002, 2);
INSERT INTO order_items VALUES (1251, 2027, 3);
INSERT INTO order_items VALUES (1206, 2012, 2);
INSERT INTO order_items VALUES (1158, 2017, 1);
INSERT INTO order_items VALUES (1376, 2025, 3);
INSERT INTO order_items VALUES (1153, 2007, 1);
INSERT INTO order_items VALUES (1080, 2010, 3);
INSERT INTO order_items VALUES (1110, 2012, 1);
INSERT INTO order_items VALUES (1380, 2004, 3);
INSERT INTO order_items VALUES (1066, 2015, 1);
INSERT INTO order_items VALUES (1027, 2008, 3);
INSERT INTO order_items VALUES (1367, 2012, 2);
INSERT INTO order_items VALUES (1131, 2007, 4);
INSERT INTO order_items VALUES (1198, 2005, 5);
INSERT INTO order_items VALUES (1370, 2017, 2);
INSERT INTO order_items VALUES (1166, 2005, 5);
INSERT INTO order_items VALUES (1378, 2021, 2);
INSERT INTO order_items VALUES (1081, 2008, 4);
INSERT INTO order_items VALUES (1231, 2029, 1);
INSERT INTO order_items VALUES (1217, 2013, 3);
INSERT INTO order_items VALUES (1235, 2019, 1);
INSERT INTO order_items VALUES (1132, 2007, 3);
INSERT INTO order_items VALUES (1389, 2021, 3);
INSERT INTO order_items VALUES (1184, 2029, 2);
INSERT INTO order_items VALUES (1289, 2013, 2);
INSERT INTO order_items VALUES (1200, 2010, 2);
INSERT INTO order_items VALUES (1172, 2014, 5);
INSERT INTO order_items VALUES (1359, 2001, 1);
INSERT INTO order_items VALUES (1336, 2012, 5);
INSERT INTO order_items VALUES (1321, 2020, 2);
INSERT INTO order_items VALUES (1284, 2024, 4);
INSERT INTO order_items VALUES (1177, 2014, 3);
INSERT INTO order_items VALUES (1009, 2007, 4);
INSERT INTO order_items VALUES (1086, 2028, 5);
INSERT INTO order_items VALUES (1082, 2030, 1);
INSERT INTO order_items VALUES (1320, 2010, 5);
INSERT INTO order_items VALUES (1391, 2017, 3);
INSERT INTO order_items VALUES (1283, 2011, 1);
INSERT INTO order_items VALUES (1162, 2011, 5);
INSERT INTO order_items VALUES (1228, 2023, 2);
INSERT INTO order_items VALUES (1005, 2016, 5);
INSERT INTO order_items VALUES (1061, 2025, 4);
INSERT INTO order_items VALUES (1326, 2025, 1);
INSERT INTO order_items VALUES (1131, 2022, 5);
INSERT INTO order_items VALUES (1386, 2002, 1);
INSERT INTO order_items VALUES (1125, 2011, 1);
INSERT INTO order_items VALUES (1390, 2019, 4);
INSERT INTO order_items VALUES (1380, 2006, 2);
INSERT INTO order_items VALUES (1203, 2030, 2);
INSERT INTO order_items VALUES (1014, 2006, 1);
INSERT INTO order_items VALUES (1090, 2024, 2);
INSERT INTO order_items VALUES (1246, 2013, 4);
INSERT INTO order_items VALUES (1171, 2021, 5);
INSERT INTO order_items VALUES (1082, 2030, 5);
INSERT INTO order_items VALUES (1312, 2007, 3);
INSERT INTO order_items VALUES (1344, 2014, 5);
INSERT INTO order_items VALUES (1072, 2024, 5);
INSERT INTO order_items VALUES (1101, 2028, 5);
INSERT INTO order_items VALUES (1349, 2013, 3);
INSERT INTO order_items VALUES (1304, 2028, 5);
INSERT INTO order_items VALUES (1384, 2007, 2);
INSERT INTO order_items VALUES (1396, 2023, 2);
INSERT INTO order_items VALUES (1335, 2007, 5);
INSERT INTO order_items VALUES (1247, 2017, 2);
INSERT INTO order_items VALUES (1375, 2022, 5);
INSERT INTO order_items VALUES (1119, 2012, 3);
INSERT INTO order_items VALUES (1376, 2028, 4);
INSERT INTO order_items VALUES (1267, 2020, 4);
INSERT INTO order_items VALUES (1125, 2024, 5);
INSERT INTO order_items VALUES (1213, 2005, 1);
INSERT INTO order_items VALUES (1050, 2009, 4);
INSERT INTO order_items VALUES (1303, 2004, 3);
INSERT INTO order_items VALUES (1294, 2001, 2);
INSERT INTO order_items VALUES (1079, 2016, 5);
INSERT INTO order_items VALUES (1111, 2012, 5);
INSERT INTO order_items VALUES (1012, 2011, 4);
INSERT INTO order_items VALUES (1042, 2017, 5);
INSERT INTO order_items VALUES (1082, 2012, 1);
INSERT INTO order_items VALUES (1019, 2026, 1);
INSERT INTO order_items VALUES (1301, 2015, 2);
INSERT INTO order_items VALUES (1076, 2017, 1);
INSERT INTO order_items VALUES (1287, 2012, 3);
INSERT INTO order_items VALUES (1152, 2017, 5);
INSERT INTO order_items VALUES (1010, 2006, 1);
INSERT INTO order_items VALUES (1367, 2015, 5);
INSERT INTO order_items VALUES (1339, 2003, 2);
INSERT INTO order_items VALUES (1216, 2023, 5);
INSERT INTO order_items VALUES (1309, 2002, 3);
INSERT INTO order_items VALUES (1136, 2013, 4);
INSERT INTO order_items VALUES (1360, 2018, 1);
INSERT INTO order_items VALUES (1274, 2011, 1);
INSERT INTO order_items VALUES (1116, 2025, 2);
INSERT INTO order_items VALUES (1130, 2001, 3);
INSERT INTO order_items VALUES (1056, 2002, 3);
INSERT INTO order_items VALUES (1092, 2007, 5);
INSERT INTO order_items VALUES (1235, 2016, 2);
INSERT INTO order_items VALUES (1205, 2021, 5);
INSERT INTO order_items VALUES (1304, 2015, 3);
INSERT INTO order_items VALUES (1033, 2029, 3);
INSERT INTO order_items VALUES (1345, 2008, 2);
INSERT INTO order_items VALUES (1303, 2017, 2);
INSERT INTO order_items VALUES (1191, 2006, 2);
INSERT INTO order_items VALUES (1111, 2006, 3);
INSERT INTO order_items VALUES (1300, 2007, 2);
INSERT INTO order_items VALUES (1041, 2022, 5);
INSERT INTO order_items VALUES (1247, 2020, 3);
INSERT INTO order_items VALUES (1115, 2019, 5);
INSERT INTO order_items VALUES (1289, 2001, 4);
INSERT INTO order_items VALUES (1211, 2017, 5);
INSERT INTO order_items VALUES (1085, 2018, 4);
INSERT INTO order_items VALUES (1148, 2018, 1);
INSERT INTO order_items VALUES (1331, 2002, 4);
INSERT INTO order_items VALUES (1083, 2009, 2);
INSERT INTO order_items VALUES (1272, 2010, 4);
INSERT INTO order_items VALUES (1177, 2006, 5);
INSERT INTO order_items VALUES (1380, 2019, 2);
INSERT INTO order_items VALUES (1150, 2011, 1);
INSERT INTO order_items VALUES (1078, 2002, 1);
INSERT INTO order_items VALUES (1104, 2017, 4);
INSERT INTO order_items VALUES (1360, 2029, 2);
INSERT INTO order_items VALUES (1282, 2014, 2);
INSERT INTO order_items VALUES (1271, 2017, 2);
INSERT INTO order_items VALUES (1248, 2008, 4);
INSERT INTO order_items VALUES (1054, 2015, 3);
INSERT INTO order_items VALUES (1382, 2004, 3);
INSERT INTO order_items VALUES (1282, 2026, 5);
INSERT INTO order_items VALUES (1042, 2006, 3);
INSERT INTO order_items VALUES (1085, 2025, 4);
INSERT INTO order_items VALUES (1359, 2005, 3);
INSERT INTO order_items VALUES (1105, 2019, 2);
INSERT INTO order_items VALUES (1377, 2016, 2);
INSERT INTO order_items VALUES (1260, 2003, 2);
INSERT INTO order_items VALUES (1172, 2004, 2);
INSERT INTO order_items VALUES (1381, 2027, 5);
INSERT INTO order_items VALUES (1310, 2024, 4);
INSERT INTO order_items VALUES (1394, 2015, 4);
INSERT INTO order_items VALUES (1281, 2003, 2);
INSERT INTO order_items VALUES (1045, 2020, 1);
INSERT INTO order_items VALUES (1293, 2024, 4);
INSERT INTO order_items VALUES (1394, 2001, 2);
INSERT INTO order_items VALUES (1355, 2005, 5);
INSERT INTO order_items VALUES (1104, 2023, 5);
INSERT INTO order_items VALUES (1206, 2029, 4);
INSERT INTO order_items VALUES (1301, 2012, 3);
INSERT INTO order_items VALUES (1283, 2022, 2);
INSERT INTO order_items VALUES (1052, 2022, 3);
INSERT INTO order_items VALUES (1341, 2001, 3);
INSERT INTO order_items VALUES (1273, 2015, 1);
INSERT INTO order_items VALUES (1201, 2020, 4);
INSERT INTO order_items VALUES (1395, 2019, 5);
INSERT INTO order_items VALUES (1012, 2002, 1);
INSERT INTO order_items VALUES (1363, 2006, 1);
INSERT INTO order_items VALUES (1317, 2021, 2);
INSERT INTO order_items VALUES (1333, 2003, 3);
INSERT INTO order_items VALUES (1357, 2007, 3);
INSERT INTO order_items VALUES (1105, 2014, 5);
INSERT INTO order_items VALUES (1223, 2003, 1);
INSERT INTO order_items VALUES (1094, 2029, 2);
INSERT INTO order_items VALUES (1292, 2008, 4);
INSERT INTO order_items VALUES (1024, 2017, 2);
INSERT INTO order_items VALUES (1392, 2017, 5);
INSERT INTO order_items VALUES (1166, 2015, 3);
INSERT INTO order_items VALUES (1313, 2013, 4);
INSERT INTO order_items VALUES (1061, 2003, 1);
INSERT INTO order_items VALUES (1124, 2009, 5);
INSERT INTO order_items VALUES (1313, 2018, 3);
INSERT INTO order_items VALUES (1273, 2005, 4);
INSERT INTO order_items VALUES (1237, 2020, 4);
INSERT INTO order_items VALUES (1378, 2027, 1);
INSERT INTO order_items VALUES (1262, 2015, 1);
INSERT INTO order_items VALUES (1127, 2016, 3);
INSERT INTO order_items VALUES (1067, 2016, 1);
INSERT INTO order_items VALUES (1396, 2010, 2);
INSERT INTO order_items VALUES (1031, 2002, 5);
INSERT INTO order_items VALUES (1369, 2007, 2);
INSERT INTO order_items VALUES (1069, 2014, 1);
INSERT INTO order_items VALUES (1236, 2026, 3);
INSERT INTO order_items VALUES (1139, 2007, 5);
INSERT INTO order_items VALUES (1055, 2021, 1);
INSERT INTO order_items VALUES (1264, 2011, 1);
INSERT INTO order_items VALUES (1192, 2004, 4);
INSERT INTO order_items VALUES (1150, 2010, 4);
INSERT INTO order_items VALUES (1321, 2017, 5);
INSERT INTO order_items VALUES (1336, 2023, 4);
INSERT INTO order_items VALUES (1220, 2008, 5);
INSERT INTO order_items VALUES (1373, 2026, 1);
INSERT INTO order_items VALUES (1206, 2002, 4);
INSERT INTO order_items VALUES (1362, 2004, 3);
INSERT INTO order_items VALUES (1027, 2008, 5);
INSERT INTO order_items VALUES (1085, 2014, 1);
INSERT INTO order_items VALUES (1211, 2017, 4);
INSERT INTO order_items VALUES (1377, 2005, 4);
INSERT INTO order_items VALUES (1093, 2008, 1);
INSERT INTO order_items VALUES (1254, 2019, 1);
INSERT INTO order_items VALUES (1356, 2019, 2);
INSERT INTO order_items VALUES (1297, 2017, 1);
INSERT INTO order_items VALUES (1013, 2002, 1);
INSERT INTO order_items VALUES (1164, 2001, 2);
INSERT INTO order_items VALUES (1326, 2028, 4);
INSERT INTO order_items VALUES (1198, 2012, 5);
INSERT INTO order_items VALUES (1189, 2006, 1);
INSERT INTO order_items VALUES (1249, 2017, 3);
INSERT INTO order_items VALUES (1349, 2018, 2);
INSERT INTO order_items VALUES (1300, 2027, 1);
INSERT INTO order_items VALUES (1012, 2012, 2);
INSERT INTO order_items VALUES (1311, 2029, 1);
INSERT INTO order_items VALUES (1351, 2029, 4);
INSERT INTO order_items VALUES (1193, 2030, 4);
INSERT INTO order_items VALUES (1159, 2025, 1);
INSERT INTO order_items VALUES (1091, 2030, 1);
INSERT INTO order_items VALUES (1367, 2012, 5);
INSERT INTO order_items VALUES (1085, 2026, 5);
INSERT INTO order_items VALUES (1145, 2010, 5);
INSERT INTO order_items VALUES (1098, 2001, 3);
INSERT INTO order_items VALUES (1370, 2009, 2);
INSERT INTO order_items VALUES (1313, 2009, 4);
INSERT INTO order_items VALUES (1232, 2011, 4);
INSERT INTO order_items VALUES (1026, 2003, 4);
INSERT INTO order_items VALUES (1100, 2005, 2);
INSERT INTO order_items VALUES (1315, 2008, 4);
INSERT INTO order_items VALUES (1090, 2025, 2);
INSERT INTO order_items VALUES (1058, 2012, 5);
INSERT INTO order_items VALUES (1384, 2029, 4);
INSERT INTO order_items VALUES (1221, 2024, 4);
INSERT INTO order_items VALUES (1398, 2017, 5);
INSERT INTO order_items VALUES (1304, 2002, 1);
INSERT INTO order_items VALUES (1222, 2024, 4);
INSERT INTO order_items VALUES (1186, 2015, 2);
INSERT INTO order_items VALUES (1250, 2030, 1);
INSERT INTO order_items VALUES (1315, 2028, 2);
INSERT INTO order_items VALUES (1005, 2025, 4);
INSERT INTO order_items VALUES (1150, 2003, 5);
INSERT INTO order_items VALUES (1269, 2021, 2);
INSERT INTO order_items VALUES (1229, 2010, 2);
INSERT INTO order_items VALUES (1312, 2024, 1);
INSERT INTO order_items VALUES (1076, 2011, 3);
INSERT INTO order_items VALUES (1386, 2011, 5);
INSERT INTO order_items VALUES (1386, 2016, 3);
INSERT INTO order_items VALUES (1285, 2026, 1);
INSERT INTO order_items VALUES (1088, 2016, 5);
INSERT INTO order_items VALUES (1373, 2021, 5);
INSERT INTO order_items VALUES (1354, 2002, 3);
INSERT INTO order_items VALUES (1298, 2027, 1);
INSERT INTO order_items VALUES (1021, 2023, 4);
INSERT INTO order_items VALUES (1260, 2023, 1);
INSERT INTO order_items VALUES (1123, 2015, 5);
INSERT INTO order_items VALUES (1143, 2013, 5);
INSERT INTO order_items VALUES (1350, 2011, 3);
INSERT INTO order_items VALUES (1155, 2016, 2);
INSERT INTO order_items VALUES (1354, 2004, 3);
INSERT INTO order_items VALUES (1337, 2027, 3);
INSERT INTO order_items VALUES (1261, 2020, 4);
INSERT INTO order_items VALUES (1050, 2020, 3);
INSERT INTO order_items VALUES (1206, 2023, 4);
INSERT INTO order_items VALUES (1212, 2008, 5);
INSERT INTO order_items VALUES (1054, 2030, 1);
INSERT INTO order_items VALUES (1304, 2028, 1);
INSERT INTO order_items VALUES (1177, 2018, 5);
INSERT INTO order_items VALUES (1316, 2011, 4);
INSERT INTO order_items VALUES (1057, 2010, 5);
INSERT INTO order_items VALUES (1344, 2007, 2);
INSERT INTO order_items VALUES (1257, 2002, 1);
INSERT INTO order_items VALUES (1251, 2011, 4);
INSERT INTO order_items VALUES (1114, 2005, 2);
INSERT INTO order_items VALUES (1352, 2005, 2);
INSERT INTO order_items VALUES (1221, 2006, 3);
INSERT INTO order_items VALUES (1275, 2011, 4);
INSERT INTO order_items VALUES (1308, 2030, 3);
INSERT INTO order_items VALUES (1272, 2024, 1);
INSERT INTO order_items VALUES (1044, 2003, 2);
INSERT INTO order_items VALUES (1324, 2020, 4);
INSERT INTO order_items VALUES (1260, 2026, 1);
INSERT INTO order_items VALUES (1361, 2024, 1);
INSERT INTO order_items VALUES (1085, 2019, 2);
INSERT INTO order_items VALUES (1283, 2017, 2);
INSERT INTO order_items VALUES (1067, 2025, 4);
INSERT INTO order_items VALUES (1223, 2012, 4);
INSERT INTO order_items VALUES (1266, 2002, 5);
INSERT INTO order_items VALUES (1056, 2010, 4);
INSERT INTO order_items VALUES (1111, 2025, 1);
INSERT INTO order_items VALUES (1207, 2018, 5);
INSERT INTO order_items VALUES (1270, 2028, 5);
INSERT INTO order_items VALUES (1166, 2026, 5);
INSERT INTO order_items VALUES (1383, 2030, 4);
INSERT INTO order_items VALUES (1045, 2019, 3);
INSERT INTO order_items VALUES (1312, 2011, 4);
INSERT INTO order_items VALUES (1209, 2025, 1);
INSERT INTO order_items VALUES (1375, 2026, 4);
INSERT INTO order_items VALUES (1337, 2023, 5);
INSERT INTO order_items VALUES (1308, 2008, 5);
INSERT INTO order_items VALUES (1312, 2009, 1);
INSERT INTO order_items VALUES (1383, 2010, 5);
INSERT INTO order_items VALUES (1025, 2026, 2);
INSERT INTO order_items VALUES (1156, 2020, 4);
INSERT INTO order_items VALUES (1389, 2005, 5);
INSERT INTO order_items VALUES (1006, 2025, 5);
INSERT INTO order_items VALUES (1181, 2014, 1);
INSERT INTO order_items VALUES (1246, 2017, 4);
INSERT INTO order_items VALUES (1086, 2021, 2);
INSERT INTO order_items VALUES (1189, 2016, 1);
INSERT INTO order_items VALUES (1283, 2009, 1);
INSERT INTO order_items VALUES (1087, 2016, 1);
INSERT INTO order_items VALUES (1262, 2003, 5);
INSERT INTO order_items VALUES (1240, 2018, 1);
INSERT INTO order_items VALUES (1179, 2030, 2);
INSERT INTO order_items VALUES (1379, 2024, 4);
INSERT INTO order_items VALUES (1262, 2004, 4);
INSERT INTO order_items VALUES (1267, 2030, 2);
INSERT INTO order_items VALUES (1015, 2023, 4);
INSERT INTO order_items VALUES (1233, 2018, 3);
INSERT INTO order_items VALUES (1209, 2014, 2);
INSERT INTO order_items VALUES (1003, 2016, 5);
INSERT INTO order_items VALUES (1276, 2007, 3);
INSERT INTO order_items VALUES (1372, 2018, 2);
INSERT INTO order_items VALUES (1289, 2024, 2);
INSERT INTO order_items VALUES (1190, 2029, 5);
INSERT INTO order_items VALUES (1180, 2013, 4);
INSERT INTO order_items VALUES (1164, 2017, 4);
INSERT INTO order_items VALUES (1264, 2024, 3);
INSERT INTO order_items VALUES (1374, 2007, 5);
INSERT INTO order_items VALUES (1305, 2002, 2);
INSERT INTO order_items VALUES (1137, 2020, 1);
INSERT INTO order_items VALUES (1101, 2027, 2);
INSERT INTO order_items VALUES (1376, 2011, 1);
INSERT INTO order_items VALUES (1171, 2001, 2);
INSERT INTO order_items VALUES (1117, 2009, 1);
INSERT INTO order_items VALUES (1284, 2012, 3);
INSERT INTO order_items VALUES (1338, 2024, 5);
INSERT INTO order_items VALUES (1332, 2004, 5);
INSERT INTO order_items VALUES (1012, 2002, 3);
INSERT INTO order_items VALUES (1153, 2028, 4);
INSERT INTO order_items VALUES (1233, 2027, 1);
INSERT INTO order_items VALUES (1365, 2001, 3);
INSERT INTO order_items VALUES (1168, 2008, 4);
INSERT INTO order_items VALUES (1265, 2017, 5);
INSERT INTO order_items VALUES (1278, 2028, 3);
INSERT INTO order_items VALUES (1062, 2020, 3);
INSERT INTO order_items VALUES (1380, 2005, 3);
INSERT INTO order_items VALUES (1281, 2007, 3);
INSERT INTO order_items VALUES (1208, 2026, 1);
INSERT INTO order_items VALUES (1158, 2017, 4);
INSERT INTO order_items VALUES (1378, 2010, 5);
INSERT INTO order_items VALUES (1277, 2007, 3);
INSERT INTO order_items VALUES (1203, 2013, 2);
INSERT INTO order_items VALUES (1132, 2014, 5);
INSERT INTO order_items VALUES (1139, 2016, 2);
INSERT INTO order_items VALUES (1115, 2008, 1);
INSERT INTO order_items VALUES (1197, 2029, 5);
INSERT INTO order_items VALUES (1010, 2025, 3);
INSERT INTO order_items VALUES (1019, 2019, 5);
INSERT INTO order_items VALUES (1355, 2029, 2);
INSERT INTO order_items VALUES (1057, 2017, 2);
INSERT INTO order_items VALUES (1114, 2008, 1);
INSERT INTO order_items VALUES (1072, 2018, 4);
INSERT INTO order_items VALUES (1226, 2005, 5);
INSERT INTO order_items VALUES (1293, 2002, 1);
INSERT INTO order_items VALUES (1066, 2013, 3);
INSERT INTO order_items VALUES (1231, 2019, 3);
INSERT INTO order_items VALUES (1071, 2023, 1);
INSERT INTO order_items VALUES (1214, 2010, 4);
INSERT INTO order_items VALUES (1246, 2005, 5);
INSERT INTO order_items VALUES (1084, 2026, 5);
INSERT INTO order_items VALUES (1373, 2001, 4);
INSERT INTO order_items VALUES (1400, 2026, 2);
INSERT INTO order_items VALUES (1227, 2021, 1);
INSERT INTO order_items VALUES (1194, 2025, 5);
INSERT INTO order_items VALUES (1003, 2024, 2);
INSERT INTO order_items VALUES (1097, 2007, 2);
INSERT INTO order_items VALUES (1200, 2007, 1);
INSERT INTO order_items VALUES (1082, 2014, 5);
INSERT INTO order_items VALUES (1007, 2008, 3);
INSERT INTO order_items VALUES (1030, 2023, 2);
INSERT INTO order_items VALUES (1214, 2022, 4);
INSERT INTO order_items VALUES (1082, 2030, 3);
INSERT INTO order_items VALUES (1221, 2001, 2);
INSERT INTO order_items VALUES (1066, 2020, 4);
INSERT INTO order_items VALUES (1027, 2005, 2);
INSERT INTO order_items VALUES (1210, 2005, 3);
INSERT INTO order_items VALUES (1368, 2029, 3);
INSERT INTO order_items VALUES (1249, 2016, 4);
INSERT INTO order_items VALUES (1198, 2021, 4);
INSERT INTO order_items VALUES (1270, 2023, 4);
INSERT INTO order_items VALUES (1083, 2028, 5);
INSERT INTO order_items VALUES (1069, 2004, 4);
INSERT INTO order_items VALUES (1224, 2004, 5);
INSERT INTO order_items VALUES (1041, 2027, 2);
INSERT INTO order_items VALUES (1175, 2005, 5);
INSERT INTO order_items VALUES (1012, 2001, 4);
INSERT INTO order_items VALUES (1290, 2004, 5);
INSERT INTO order_items VALUES (1205, 2005, 3);
INSERT INTO order_items VALUES (1379, 2014, 1);
INSERT INTO order_items VALUES (1382, 2020, 2);
INSERT INTO order_items VALUES (1160, 2028, 5);
INSERT INTO order_items VALUES (1377, 2002, 3);
INSERT INTO order_items VALUES (1353, 2028, 5);
INSERT INTO order_items VALUES (1162, 2009, 2);
INSERT INTO order_items VALUES (1081, 2018, 4);
INSERT INTO order_items VALUES (1287, 2021, 2);
INSERT INTO order_items VALUES (1250, 2013, 5);
INSERT INTO order_items VALUES (1002, 2015, 3);
INSERT INTO order_items VALUES (1247, 2028, 5);
INSERT INTO order_items VALUES (1244, 2014, 5);
INSERT INTO order_items VALUES (1011, 2019, 3);
INSERT INTO order_items VALUES (1360, 2010, 2);
INSERT INTO order_items VALUES (1161, 2026, 5);
INSERT INTO order_items VALUES (1294, 2020, 2);
INSERT INTO order_items VALUES (1020, 2006, 2);
INSERT INTO order_items VALUES (1224, 2008, 1);
INSERT INTO order_items VALUES (1053, 2015, 5);
INSERT INTO order_items VALUES (1262, 2008, 4);
INSERT INTO order_items VALUES (1148, 2023, 1);
INSERT INTO order_items VALUES (1065, 2005, 4);
INSERT INTO order_items VALUES (1172, 2002, 1);
INSERT INTO order_items VALUES (1345, 2017, 5);
INSERT INTO order_items VALUES (1295, 2012, 2);
INSERT INTO order_items VALUES (1342, 2019, 4);
INSERT INTO order_items VALUES (1271, 2007, 1);
INSERT INTO order_items VALUES (1050, 2011, 1);
INSERT INTO order_items VALUES (1156, 2030, 2);
INSERT INTO order_items VALUES (1267, 2014, 2);
INSERT INTO order_items VALUES (1393, 2004, 5);
INSERT INTO order_items VALUES (1082, 2021, 3);
INSERT INTO order_items VALUES (1012, 2016, 2);
INSERT INTO order_items VALUES (1254, 2026, 1);
INSERT INTO order_items VALUES (1228, 2009, 4);
INSERT INTO order_items VALUES (1107, 2010, 5);
INSERT INTO order_items VALUES (1382, 2002, 5);
INSERT INTO order_items VALUES (1109, 2025, 5);
INSERT INTO order_items VALUES (1035, 2010, 3);
INSERT INTO order_items VALUES (1012, 2025, 5);
INSERT INTO order_items VALUES (1247, 2029, 2);
INSERT INTO order_items VALUES (1317, 2024, 5);
INSERT INTO order_items VALUES (1197, 2024, 1);
INSERT INTO order_items VALUES (1143, 2026, 5);
INSERT INTO order_items VALUES (1242, 2030, 5);
INSERT INTO order_items VALUES (1301, 2011, 1);
INSERT INTO order_items VALUES (1160, 2015, 5);
INSERT INTO order_items VALUES (1157, 2019, 3);
INSERT INTO order_items VALUES (1274, 2028, 1);
INSERT INTO order_items VALUES (1263, 2002, 2);
INSERT INTO order_items VALUES (1081, 2018, 4);
INSERT INTO order_items VALUES (1369, 2003, 4);
INSERT INTO order_items VALUES (1039, 2014, 4);
INSERT INTO order_items VALUES (1213, 2029, 3);
INSERT INTO order_items VALUES (1304, 2027, 3);
INSERT INTO order_items VALUES (1198, 2006, 4);
INSERT INTO order_items VALUES (1220, 2004, 3);
INSERT INTO order_items VALUES (1081, 2017, 1);
INSERT INTO order_items VALUES (1305, 2007, 2);
INSERT INTO order_items VALUES (1169, 2015, 5);
INSERT INTO order_items VALUES (1348, 2010, 1);
INSERT INTO order_items VALUES (1345, 2020, 1);
INSERT INTO order_items VALUES (1248, 2014, 3);
INSERT INTO order_items VALUES (1077, 2014, 1);
INSERT INTO order_items VALUES (1300, 2030, 2);
INSERT INTO order_items VALUES (1243, 2009, 5);
INSERT INTO order_items VALUES (1216, 2010, 2);
INSERT INTO order_items VALUES (1137, 2020, 3);
INSERT INTO order_items VALUES (1344, 2002, 3);
INSERT INTO order_items VALUES (1261, 2029, 3);
INSERT INTO order_items VALUES (1247, 2006, 3);
INSERT INTO order_items VALUES (1247, 2017, 3);
INSERT INTO order_items VALUES (1186, 2022, 4);
INSERT INTO order_items VALUES (1355, 2020, 1);
INSERT INTO order_items VALUES (1283, 2008, 1);
INSERT INTO order_items VALUES (1051, 2023, 2);
INSERT INTO order_items VALUES (1192, 2024, 2);
INSERT INTO order_items VALUES (1195, 2022, 5);
INSERT INTO order_items VALUES (1154, 2005, 1);
INSERT INTO order_items VALUES (1326, 2006, 2);
INSERT INTO order_items VALUES (1023, 2007, 5);
INSERT INTO order_items VALUES (1153, 2008, 2);
INSERT INTO order_items VALUES (1368, 2004, 1);
INSERT INTO order_items VALUES (1335, 2018, 2);
INSERT INTO order_items VALUES (1032, 2024, 1);
INSERT INTO order_items VALUES (1142, 2008, 3);
INSERT INTO order_items VALUES (1239, 2010, 2);
INSERT INTO order_items VALUES (1358, 2026, 4);
INSERT INTO order_items VALUES (1164, 2028, 5);
INSERT INTO order_items VALUES (1164, 2027, 3);
INSERT INTO order_items VALUES (1096, 2025, 2);
INSERT INTO order_items VALUES (1071, 2014, 2);
INSERT INTO order_items VALUES (1271, 2030, 5);
INSERT INTO order_items VALUES (1227, 2014, 5);
INSERT INTO order_items VALUES (1202, 2023, 5);
INSERT INTO order_items VALUES (1200, 2009, 5);
INSERT INTO order_items VALUES (1036, 2024, 1);
INSERT INTO order_items VALUES (1335, 2016, 1);
INSERT INTO order_items VALUES (1247, 2005, 4);
INSERT INTO order_items VALUES (1240, 2003, 5);
INSERT INTO order_items VALUES (1386, 2018, 3);
INSERT INTO order_items VALUES (1164, 2009, 5);
INSERT INTO order_items VALUES (1277, 2024, 1);
INSERT INTO order_items VALUES (1242, 2013, 3);
INSERT INTO order_items VALUES (1058, 2026, 4);
INSERT INTO order_items VALUES (1033, 2021, 2);
INSERT INTO order_items VALUES (1374, 2026, 4);
INSERT INTO order_items VALUES (1123, 2028, 4);
INSERT INTO order_items VALUES (1021, 2030, 5);
INSERT INTO order_items VALUES (1160, 2005, 2);
INSERT INTO order_items VALUES (1028, 2006, 5);
INSERT INTO order_items VALUES (1379, 2024, 1);
INSERT INTO order_items VALUES (1102, 2023, 2);
INSERT INTO order_items VALUES (1028, 2023, 5);
INSERT INTO order_items VALUES (1176, 2008, 2);
INSERT INTO order_items VALUES (1342, 2030, 3);
INSERT INTO order_items VALUES (1057, 2018, 2);
INSERT INTO order_items VALUES (1040, 2002, 2);
INSERT INTO order_items VALUES (1379, 2011, 2);
INSERT INTO order_items VALUES (1353, 2021, 4);
INSERT INTO order_items VALUES (1185, 2004, 1);
INSERT INTO order_items VALUES (1377, 2029, 1);
INSERT INTO order_items VALUES (1059, 2029, 5);
INSERT INTO order_items VALUES (1184, 2002, 5);
INSERT INTO order_items VALUES (1400, 2029, 2);
INSERT INTO order_items VALUES (1055, 2022, 3);
INSERT INTO order_items VALUES (1079, 2016, 2);
INSERT INTO order_items VALUES (1127, 2028, 4);
INSERT INTO order_items VALUES (1306, 2012, 4);
INSERT INTO order_items VALUES (1129, 2019, 1);
INSERT INTO order_items VALUES (1104, 2012, 4);
INSERT INTO order_items VALUES (1266, 2018, 5);
INSERT INTO order_items VALUES (1337, 2005, 3);
INSERT INTO order_items VALUES (1114, 2023, 2);
INSERT INTO order_items VALUES (1315, 2001, 3);
INSERT INTO order_items VALUES (1241, 2030, 1);
INSERT INTO order_items VALUES (1347, 2030, 2);
INSERT INTO order_items VALUES (1393, 2004, 4);
INSERT INTO order_items VALUES (1117, 2017, 5);
INSERT INTO order_items VALUES (1057, 2006, 2);
INSERT INTO order_items VALUES (1122, 2008, 4);
INSERT INTO order_items VALUES (1067, 2023, 2);
INSERT INTO order_items VALUES (1178, 2024, 5);
INSERT INTO order_items VALUES (1217, 2001, 5);
INSERT INTO order_items VALUES (1339, 2010, 2);
INSERT INTO order_items VALUES (1153, 2025, 2);
INSERT INTO order_items VALUES (1232, 2027, 2);
INSERT INTO order_items VALUES (1303, 2027, 1);
INSERT INTO order_items VALUES (1065, 2012, 2);
INSERT INTO order_items VALUES (1360, 2006, 3);
INSERT INTO order_items VALUES (1164, 2029, 5);
INSERT INTO order_items VALUES (1090, 2006, 3);
INSERT INTO order_items VALUES (1377, 2001, 1);
INSERT INTO order_items VALUES (1169, 2016, 2);
INSERT INTO order_items VALUES (1266, 2006, 2);
INSERT INTO order_items VALUES (1398, 2010, 1);
INSERT INTO order_items VALUES (1260, 2019, 1);
INSERT INTO order_items VALUES (1392, 2021, 1);
INSERT INTO order_items VALUES (1376, 2015, 2);
INSERT INTO order_items VALUES (1356, 2020, 1);
INSERT INTO order_items VALUES (1074, 2014, 2);
INSERT INTO order_items VALUES (1190, 2017, 1);
INSERT INTO order_items VALUES (1159, 2008, 5);
INSERT INTO order_items VALUES (1018, 2004, 1);
INSERT INTO order_items VALUES (1180, 2004, 5);
INSERT INTO order_items VALUES (1390, 2024, 3);
INSERT INTO order_items VALUES (1114, 2029, 5);
INSERT INTO order_items VALUES (1341, 2015, 3);
INSERT INTO order_items VALUES (1207, 2017, 4);
INSERT INTO order_items VALUES (1336, 2019, 1);
INSERT INTO order_items VALUES (1118, 2016, 4);
INSERT INTO order_items VALUES (1077, 2020, 4);
INSERT INTO order_items VALUES (1324, 2028, 5);
INSERT INTO order_items VALUES (1013, 2026, 3);
INSERT INTO order_items VALUES (1393, 2021, 2);
INSERT INTO order_items VALUES (1009, 2017, 2);
INSERT INTO order_items VALUES (1255, 2009, 4);
INSERT INTO order_items VALUES (1152, 2007, 3);
INSERT INTO order_items VALUES (1296, 2023, 2);
INSERT INTO order_items VALUES (1101, 2010, 3);
INSERT INTO order_items VALUES (1261, 2012, 2);
INSERT INTO order_items VALUES (1325, 2026, 1);
INSERT INTO order_items VALUES (1232, 2012, 4);
INSERT INTO order_items VALUES (1256, 2006, 5);
INSERT INTO order_items VALUES (1035, 2013, 2);
INSERT INTO order_items VALUES (1060, 2014, 1);
INSERT INTO order_items VALUES (1138, 2027, 3);
INSERT INTO order_items VALUES (1200, 2014, 5);
INSERT INTO order_items VALUES (1257, 2026, 3);
INSERT INTO order_items VALUES (1287, 2019, 2);
INSERT INTO order_items VALUES (1175, 2028, 2);
INSERT INTO order_items VALUES (1206, 2028, 1);
INSERT INTO order_items VALUES (1237, 2013, 5);
INSERT INTO order_items VALUES (1240, 2028, 3);
INSERT INTO order_items VALUES (1235, 2025, 3);
INSERT INTO order_items VALUES (1064, 2002, 1);
INSERT INTO order_items VALUES (1389, 2016, 4);
INSERT INTO order_items VALUES (1149, 2005, 5);
INSERT INTO order_items VALUES (1155, 2026, 3);
INSERT INTO order_items VALUES (1255, 2009, 3);
INSERT INTO order_items VALUES (1090, 2025, 4);
INSERT INTO order_items VALUES (1324, 2002, 2);
INSERT INTO order_items VALUES (1218, 2006, 5);
INSERT INTO order_items VALUES (1028, 2011, 2);
INSERT INTO order_items VALUES (1271, 2029, 4);
INSERT INTO order_items VALUES (1061, 2001, 1);
INSERT INTO order_items VALUES (1045, 2023, 4);
INSERT INTO order_items VALUES (1261, 2018, 5);
INSERT INTO order_items VALUES (1117, 2012, 2);
INSERT INTO order_items VALUES (1378, 2003, 2);
INSERT INTO order_items VALUES (1294, 2019, 5);
INSERT INTO order_items VALUES (1210, 2017, 3);
INSERT INTO order_items VALUES (1319, 2008, 5);
INSERT INTO order_items VALUES (1250, 2002, 3);
INSERT INTO order_items VALUES (1036, 2017, 3);
INSERT INTO order_items VALUES (1074, 2026, 4);
INSERT INTO order_items VALUES (1032, 2005, 1);
INSERT INTO order_items VALUES (1276, 2006, 1);
INSERT INTO order_items VALUES (1082, 2010, 5);
INSERT INTO order_items VALUES (1352, 2023, 3);
INSERT INTO order_items VALUES (1132, 2019, 1);
INSERT INTO order_items VALUES (1148, 2012, 5);
INSERT INTO order_items VALUES (1010, 2001, 2);
INSERT INTO order_items VALUES (1182, 2027, 3);
INSERT INTO order_items VALUES (1233, 2013, 4);
INSERT INTO order_items VALUES (1273, 2007, 4);
INSERT INTO order_items VALUES (1240, 2020, 1);
INSERT INTO order_items VALUES (1288, 2020, 3);
INSERT INTO order_items VALUES (1394, 2005, 5);
INSERT INTO order_items VALUES (1040, 2005, 2);
INSERT INTO order_items VALUES (1176, 2010, 4);
INSERT INTO order_items VALUES (1202, 2001, 1);
INSERT INTO order_items VALUES (1034, 2009, 1);
INSERT INTO order_items VALUES (1187, 2025, 1);
INSERT INTO order_items VALUES (1125, 2003, 2);
INSERT INTO order_items VALUES (1075, 2014, 1);
INSERT INTO order_items VALUES (1362, 2010, 3);
INSERT INTO order_items VALUES (1283, 2021, 3);
INSERT INTO order_items VALUES (1322, 2029, 4);
INSERT INTO order_items VALUES (1127, 2029, 5);
INSERT INTO order_items VALUES (1072, 2030, 1);
INSERT INTO order_items VALUES (1115, 2024, 2);
INSERT INTO order_items VALUES (1030, 2025, 2);
INSERT INTO order_items VALUES (1077, 2020, 3);
INSERT INTO order_items VALUES (1061, 2006, 4);
INSERT INTO order_items VALUES (1293, 2018, 2);
INSERT INTO order_items VALUES (1225, 2008, 2);
INSERT INTO order_items VALUES (1036, 2024, 3);
INSERT INTO order_items VALUES (1265, 2015, 4);
INSERT INTO order_items VALUES (1371, 2002, 1);
INSERT INTO order_items VALUES (1286, 2029, 1);
INSERT INTO order_items VALUES (1029, 2024, 1);
INSERT INTO order_items VALUES (1302, 2005, 4);
INSERT INTO order_items VALUES (1239, 2023, 5);
INSERT INTO order_items VALUES (1116, 2004, 5);
INSERT INTO order_items VALUES (1034, 2025, 3);
INSERT INTO order_items VALUES (1139, 2022, 1);
INSERT INTO order_items VALUES (1063, 2022, 1);
INSERT INTO order_items VALUES (1285, 2024, 2);
INSERT INTO order_items VALUES (1203, 2003, 1);
INSERT INTO order_items VALUES (1188, 2026, 5);
INSERT INTO order_items VALUES (1151, 2004, 2);
INSERT INTO order_items VALUES (1206, 2022, 1);
INSERT INTO order_items VALUES (1184, 2025, 1);
INSERT INTO order_items VALUES (1164, 2022, 5);
INSERT INTO order_items VALUES (1306, 2013, 4);
INSERT INTO order_items VALUES (1334, 2030, 5);
INSERT INTO order_items VALUES (1194, 2030, 2);
INSERT INTO order_items VALUES (1279, 2014, 5);
INSERT INTO order_items VALUES (1134, 2025, 3);
INSERT INTO order_items VALUES (1062, 2025, 5);
INSERT INTO order_items VALUES (1161, 2026, 1);
INSERT INTO order_items VALUES (1040, 2019, 1);
INSERT INTO order_items VALUES (1348, 2019, 2);
INSERT INTO order_items VALUES (1207, 2024, 4);
INSERT INTO order_items VALUES (1056, 2012, 3);
INSERT INTO order_items VALUES (1350, 2003, 2);
INSERT INTO order_items VALUES (1322, 2028, 3);
INSERT INTO order_items VALUES (1080, 2018, 1);
INSERT INTO order_items VALUES (1202, 2020, 4);
INSERT INTO order_items VALUES (1378, 2016, 1);
INSERT INTO order_items VALUES (1384, 2029, 5);
INSERT INTO order_items VALUES (1003, 2023, 3);
INSERT INTO order_items VALUES (1151, 2002, 3);
INSERT INTO order_items VALUES (1386, 2030, 4);
INSERT INTO order_items VALUES (1139, 2018, 4);
INSERT INTO order_items VALUES (1370, 2012, 3);
INSERT INTO order_items VALUES (1032, 2019, 2);
INSERT INTO order_items VALUES (1143, 2008, 1);
INSERT INTO order_items VALUES (1289, 2009, 2);
INSERT INTO order_items VALUES (1216, 2011, 4);
INSERT INTO order_items VALUES (1022, 2006, 3);
INSERT INTO order_items VALUES (1045, 2014, 4);
INSERT INTO order_items VALUES (1081, 2008, 2);
INSERT INTO order_items VALUES (1183, 2005, 5);
INSERT INTO order_items VALUES (1396, 2025, 1);
INSERT INTO order_items VALUES (1212, 2028, 2);
INSERT INTO order_items VALUES (1318, 2014, 2);
INSERT INTO order_items VALUES (1140, 2010, 5);
INSERT INTO order_items VALUES (1393, 2022, 4);
INSERT INTO order_items VALUES (1369, 2003, 2);
INSERT INTO order_items VALUES (1110, 2026, 3);
INSERT INTO order_items VALUES (1326, 2027, 3);
INSERT INTO order_items VALUES (1311, 2007, 4);
INSERT INTO order_items VALUES (1066, 2004, 2);
INSERT INTO order_items VALUES (1062, 2020, 3);
INSERT INTO order_items VALUES (1188, 2003, 2);
INSERT INTO order_items VALUES (1334, 2022, 2);
INSERT INTO order_items VALUES (1155, 2020, 4);
INSERT INTO order_items VALUES (1282, 2006, 5);
INSERT INTO order_items VALUES (1273, 2021, 1);
INSERT INTO order_items VALUES (1399, 2025, 3);
INSERT INTO order_items VALUES (1297, 2002, 5);
INSERT INTO order_items VALUES (1383, 2009, 4);
INSERT INTO order_items VALUES (1281, 2016, 5);
INSERT INTO order_items VALUES (1147, 2016, 5);
INSERT INTO order_items VALUES (1316, 2029, 2);
INSERT INTO order_items VALUES (1231, 2003, 5);
INSERT INTO order_items VALUES (1097, 2026, 5);
INSERT INTO order_items VALUES (1302, 2013, 2);
INSERT INTO order_items VALUES (1149, 2004, 2);
INSERT INTO order_items VALUES (1339, 2003, 2);
INSERT INTO order_items VALUES (1089, 2026, 3);
INSERT INTO order_items VALUES (1398, 2009, 2);
INSERT INTO order_items VALUES (1019, 2006, 3);
INSERT INTO order_items VALUES (1327, 2023, 5);
INSERT INTO order_items VALUES (1320, 2025, 3);
INSERT INTO order_items VALUES (1019, 2021, 4);
INSERT INTO order_items VALUES (1320, 2017, 4);
INSERT INTO order_items VALUES (1247, 2007, 3);
INSERT INTO order_items VALUES (1179, 2009, 1);
INSERT INTO order_items VALUES (1333, 2018, 3);
INSERT INTO order_items VALUES (1394, 2008, 4);
INSERT INTO order_items VALUES (1045, 2021, 2);
INSERT INTO order_items VALUES (1184, 2018, 1);
INSERT INTO order_items VALUES (1282, 2027, 1);
INSERT INTO order_items VALUES (1226, 2025, 2);
INSERT INTO order_items VALUES (1327, 2019, 3);
INSERT INTO order_items VALUES (1237, 2026, 3);
INSERT INTO order_items VALUES (1344, 2030, 3);
INSERT INTO order_items VALUES (1197, 2002, 1);
INSERT INTO order_items VALUES (1220, 2014, 5);
INSERT INTO order_items VALUES (1276, 2001, 2);
INSERT INTO order_items VALUES (1335, 2018, 5);
INSERT INTO order_items VALUES (1036, 2014, 4);
INSERT INTO order_items VALUES (1032, 2012, 5);
INSERT INTO order_items VALUES (1305, 2019, 2);
INSERT INTO order_items VALUES (1110, 2030, 1);
INSERT INTO order_items VALUES (1146, 2030, 5);
INSERT INTO order_items VALUES (1014, 2011, 1);
INSERT INTO order_items VALUES (1206, 2015, 3);
INSERT INTO order_items VALUES (1115, 2022, 1);
INSERT INTO order_items VALUES (1140, 2016, 5);
INSERT INTO order_items VALUES (1001, 2022, 1);
INSERT INTO order_items VALUES (1333, 2017, 1);
INSERT INTO order_items VALUES (1158, 2019, 3);
INSERT INTO order_items VALUES (1237, 2020, 5);
INSERT INTO order_items VALUES (1108, 2011, 5);
INSERT INTO order_items VALUES (1101, 2013, 5);
INSERT INTO order_items VALUES (1389, 2030, 2);
INSERT INTO order_items VALUES (1024, 2026, 2);
INSERT INTO order_items VALUES (1231, 2010, 1);
INSERT INTO order_items VALUES (1019, 2020, 3);
INSERT INTO order_items VALUES (1062, 2027, 1);
INSERT INTO order_items VALUES (1147, 2003, 4);
INSERT INTO order_items VALUES (1356, 2030, 2);
INSERT INTO order_items VALUES (1118, 2002, 1);
INSERT INTO order_items VALUES (1205, 2013, 1);
INSERT INTO order_items VALUES (1181, 2008, 3);
INSERT INTO order_items VALUES (1246, 2021, 2);
INSERT INTO order_items VALUES (1214, 2011, 3);
INSERT INTO order_items VALUES (1273, 2005, 5);
INSERT INTO order_items VALUES (1043, 2029, 5);
INSERT INTO order_items VALUES (1249, 2007, 4);
INSERT INTO order_items VALUES (1094, 2023, 3);
INSERT INTO order_items VALUES (1281, 2026, 5);
INSERT INTO order_items VALUES (1383, 2007, 1);
INSERT INTO order_items VALUES (1251, 2015, 4);
INSERT INTO order_items VALUES (1057, 2023, 3);
INSERT INTO order_items VALUES (1281, 2015, 2);
INSERT INTO order_items VALUES (1192, 2015, 2);
INSERT INTO order_items VALUES (1301, 2027, 1);
INSERT INTO order_items VALUES (1329, 2020, 4);
INSERT INTO order_items VALUES (1084, 2013, 1);
INSERT INTO order_items VALUES (1070, 2011, 5);
INSERT INTO order_items VALUES (1069, 2007, 1);
INSERT INTO order_items VALUES (1316, 2001, 3);
INSERT INTO order_items VALUES (1118, 2009, 2);
INSERT INTO order_items VALUES (1157, 2025, 2);
INSERT INTO order_items VALUES (1177, 2011, 1);
INSERT INTO order_items VALUES (1213, 2010, 1);
INSERT INTO order_items VALUES (1118, 2005, 3);
INSERT INTO order_items VALUES (1360, 2027, 5);
INSERT INTO order_items VALUES (1250, 2015, 5);
INSERT INTO order_items VALUES (1064, 2024, 4);
INSERT INTO order_items VALUES (1172, 2012, 1);
INSERT INTO order_items VALUES (1387, 2014, 5);
INSERT INTO order_items VALUES (1017, 2024, 3);
INSERT INTO order_items VALUES (1279, 2027, 5);
INSERT INTO order_items VALUES (1307, 2005, 1);
INSERT INTO order_items VALUES (1251, 2007, 4);
INSERT INTO order_items VALUES (1070, 2001, 3);
INSERT INTO order_items VALUES (1143, 2017, 5);
INSERT INTO order_items VALUES (1347, 2028, 2);
INSERT INTO order_items VALUES (1207, 2006, 5);
INSERT INTO order_items VALUES (1036, 2006, 5);
INSERT INTO order_items VALUES (1313, 2028, 4);
INSERT INTO order_items VALUES (1052, 2005, 2);
INSERT INTO order_items VALUES (1177, 2022, 3);
INSERT INTO order_items VALUES (1076, 2027, 1);
INSERT INTO order_items VALUES (1316, 2011, 5);
INSERT INTO order_items VALUES (1177, 2002, 1);
INSERT INTO order_items VALUES (1110, 2020, 3);
INSERT INTO order_items VALUES (1065, 2019, 5);
INSERT INTO order_items VALUES (1194, 2029, 1);
INSERT INTO order_items VALUES (1021, 2002, 5);
INSERT INTO order_items VALUES (1233, 2011, 1);
INSERT INTO order_items VALUES (1104, 2002, 1);
INSERT INTO order_items VALUES (1315, 2018, 3);
INSERT INTO order_items VALUES (1185, 2003, 2);
INSERT INTO order_items VALUES (1270, 2001, 5);
INSERT INTO order_items VALUES (1270, 2008, 2);
INSERT INTO order_items VALUES (1165, 2014, 1);

CREATE TABLE patients (
  patient_id NUMERIC,
  name TEXT,
  dob TEXT,
  gender TEXT
);

INSERT INTO patients VALUES (1, 'Kenneth', '1946-11-17', 'M');
INSERT INTO patients VALUES (2, 'Jessica', '1947-04-24', 'M');
INSERT INTO patients VALUES (3, 'David', '1939-01-07', 'F');
INSERT INTO patients VALUES (4, 'Christy', '1957-11-12', 'M');
INSERT INTO patients VALUES (5, 'Maria', '1958-08-07', 'M');
INSERT INTO patients VALUES (6, 'Jeffrey', '1972-11-04', 'F');
INSERT INTO patients VALUES (7, 'Brandon', '2001-11-02', 'M');
INSERT INTO patients VALUES (8, 'Breanna', '1955-03-27', 'M');
INSERT INTO patients VALUES (9, 'Marcus', '1962-04-19', 'F');
INSERT INTO patients VALUES (10, 'Kayla', '1986-01-31', 'M');
INSERT INTO patients VALUES (11, 'Luis', '2003-08-31', 'F');
INSERT INTO patients VALUES (12, 'Shannon', '1940-09-30', 'F');
INSERT INTO patients VALUES (13, 'Shelby', '1992-07-27', 'F');
INSERT INTO patients VALUES (14, 'Richard', '2003-12-02', 'F');
INSERT INTO patients VALUES (15, 'Kimberly', '1981-10-27', 'M');
INSERT INTO patients VALUES (16, 'Sierra', '1994-08-31', 'M');
INSERT INTO patients VALUES (17, 'David', '1982-02-12', 'F');
INSERT INTO patients VALUES (18, 'Natalie', '1939-09-12', 'F');
INSERT INTO patients VALUES (19, 'Sarah', '1963-05-30', 'F');
INSERT INTO patients VALUES (20, 'Timothy', '1956-02-11', 'F');
INSERT INTO patients VALUES (21, 'Daniel', '1995-06-04', 'F');
INSERT INTO patients VALUES (22, 'Anthony', '1941-07-07', 'M');
INSERT INTO patients VALUES (23, 'Stacy', '1963-03-17', 'F');
INSERT INTO patients VALUES (24, 'Marvin', '1949-10-24', 'F');
INSERT INTO patients VALUES (25, 'Stephen', '2001-11-17', 'M');
INSERT INTO patients VALUES (26, 'Frances', '1977-09-23', 'M');
INSERT INTO patients VALUES (27, 'Robin', '1996-11-04', 'M');
INSERT INTO patients VALUES (28, 'Mark', '1996-06-18', 'F');
INSERT INTO patients VALUES (29, 'Caitlin', '1950-07-19', 'M');
INSERT INTO patients VALUES (30, 'William', '1956-01-17', 'M');
INSERT INTO patients VALUES (31, 'Jose', '1979-02-26', 'M');
INSERT INTO patients VALUES (32, 'Rachel', '1991-03-07', 'M');
INSERT INTO patients VALUES (33, 'Aaron', '1991-08-04', 'M');
INSERT INTO patients VALUES (34, 'Leonard', '1943-04-12', 'F');
INSERT INTO patients VALUES (35, 'Samantha', '1984-04-15', 'M');
INSERT INTO patients VALUES (36, 'Pamela', '1962-07-17', 'F');
INSERT INTO patients VALUES (37, 'Jonathan', '1981-06-18', 'F');
INSERT INTO patients VALUES (38, 'Jonathan', '1947-04-05', 'F');
INSERT INTO patients VALUES (39, 'Javier', '1938-01-07', 'M');
INSERT INTO patients VALUES (40, 'Vincent', '1988-02-17', 'F');
INSERT INTO patients VALUES (41, 'Carl', '2005-11-08', 'F');
INSERT INTO patients VALUES (42, 'Gabrielle', '1977-01-04', 'M');
INSERT INTO patients VALUES (43, 'Heather', '1975-11-08', 'F');
INSERT INTO patients VALUES (44, 'Brian', '1956-05-30', 'F');
INSERT INTO patients VALUES (45, 'Diane', '1946-08-18', 'M');
INSERT INTO patients VALUES (46, 'Jake', '1997-12-25', 'F');
INSERT INTO patients VALUES (47, 'Jeffery', '1968-09-16', 'F');
INSERT INTO patients VALUES (48, 'Jacqueline', '1941-08-15', 'F');
INSERT INTO patients VALUES (49, 'Charles', '1949-06-17', 'M');
INSERT INTO patients VALUES (50, 'Melissa', '1938-08-08', 'M');
INSERT INTO patients VALUES (51, 'Brian', '1978-12-04', 'F');
INSERT INTO patients VALUES (52, 'Robert', '1999-12-06', 'M');
INSERT INTO patients VALUES (53, 'Dustin', '1942-09-10', 'M');
INSERT INTO patients VALUES (54, 'Joshua', '1954-02-01', 'F');
INSERT INTO patients VALUES (55, 'Nicholas', '1940-12-31', 'M');
INSERT INTO patients VALUES (56, 'Edwin', '1975-01-30', 'M');
INSERT INTO patients VALUES (57, 'Joshua', '1991-04-19', 'F');
INSERT INTO patients VALUES (58, 'Robert', '1995-03-22', 'M');
INSERT INTO patients VALUES (59, 'Samantha', '1947-11-28', 'M');
INSERT INTO patients VALUES (60, 'Michelle', '1963-01-15', 'F');
INSERT INTO patients VALUES (61, 'Julia', '1994-08-09', 'M');
INSERT INTO patients VALUES (62, 'Kristin', '1936-11-27', 'F');
INSERT INTO patients VALUES (63, 'Sherry', '1987-11-27', 'M');
INSERT INTO patients VALUES (64, 'Karl', '1994-02-13', 'F');
INSERT INTO patients VALUES (65, 'Kimberly', '1967-11-17', 'F');
INSERT INTO patients VALUES (66, 'Jennifer', '1954-01-19', 'F');
INSERT INTO patients VALUES (67, 'Caleb', '1964-01-05', 'F');
INSERT INTO patients VALUES (68, 'Caleb', '1982-10-12', 'M');
INSERT INTO patients VALUES (69, 'Jose', '1971-12-26', 'F');
INSERT INTO patients VALUES (70, 'Jennifer', '1990-05-20', 'F');
INSERT INTO patients VALUES (71, 'Katie', '1985-09-10', 'M');
INSERT INTO patients VALUES (72, 'Kimberly', '2002-12-29', 'M');
INSERT INTO patients VALUES (73, 'Daniel', '1983-06-28', 'M');
INSERT INTO patients VALUES (74, 'Dana', '1999-10-15', 'M');
INSERT INTO patients VALUES (75, 'Dominique', '1965-02-15', 'M');
INSERT INTO patients VALUES (76, 'Ashley', '1957-12-15', 'M');
INSERT INTO patients VALUES (77, 'Matthew', '1959-01-12', 'M');
INSERT INTO patients VALUES (78, 'Elizabeth', '1981-07-29', 'F');
INSERT INTO patients VALUES (79, 'Brittany', '2001-09-28', 'F');
INSERT INTO patients VALUES (80, 'Luis', '1970-10-14', 'F');
INSERT INTO patients VALUES (81, 'Ryan', '1995-09-28', 'F');
INSERT INTO patients VALUES (82, 'David', '1968-01-26', 'F');
INSERT INTO patients VALUES (83, 'Robert', '1973-01-21', 'F');
INSERT INTO patients VALUES (84, 'Jacob', '1958-08-13', 'M');
INSERT INTO patients VALUES (85, 'Jessica', '1964-12-17', 'F');
INSERT INTO patients VALUES (86, 'Alicia', '1935-01-29', 'M');
INSERT INTO patients VALUES (87, 'Rebecca', '2006-09-18', 'F');
INSERT INTO patients VALUES (88, 'David', '1985-08-26', 'F');
INSERT INTO patients VALUES (89, 'Hannah', '1968-03-07', 'M');
INSERT INTO patients VALUES (90, 'Jacqueline', '1988-07-08', 'F');
INSERT INTO patients VALUES (91, 'Joel', '1980-09-14', 'M');
INSERT INTO patients VALUES (92, 'Alexis', '1982-10-20', 'M');
INSERT INTO patients VALUES (93, 'Elizabeth', '1983-05-18', 'M');
INSERT INTO patients VALUES (94, 'Jennifer', '1994-12-28', 'M');
INSERT INTO patients VALUES (95, 'Frank', '2000-04-21', 'F');
INSERT INTO patients VALUES (96, 'Brittany', '1955-08-24', 'F');
INSERT INTO patients VALUES (97, 'Christopher', '1984-04-03', 'M');
INSERT INTO patients VALUES (98, 'Ryan', '1994-02-12', 'F');
INSERT INTO patients VALUES (99, 'Cathy', '1971-08-01', 'F');
INSERT INTO patients VALUES (100, 'Jamie', '1978-01-14', 'F');
INSERT INTO patients VALUES (101, 'Clinton', '1948-08-22', 'M');
INSERT INTO patients VALUES (102, 'Nicholas', '1944-04-08', 'F');
INSERT INTO patients VALUES (103, 'Steven', '1962-11-19', 'M');
INSERT INTO patients VALUES (104, 'Antonio', '1964-09-07', 'F');
INSERT INTO patients VALUES (105, 'Emily', '1975-11-08', 'M');
INSERT INTO patients VALUES (106, 'Catherine', '1943-08-30', 'F');
INSERT INTO patients VALUES (107, 'Brad', '1945-10-07', 'M');
INSERT INTO patients VALUES (108, 'Daniel', '1991-09-27', 'F');
INSERT INTO patients VALUES (109, 'Mark', '1966-11-19', 'M');
INSERT INTO patients VALUES (110, 'Tina', '1993-11-10', 'F');
INSERT INTO patients VALUES (111, 'Jennifer', '2000-02-07', 'F');
INSERT INTO patients VALUES (112, 'Steven', '1986-12-09', 'F');
INSERT INTO patients VALUES (113, 'Kyle', '1938-12-01', 'M');
INSERT INTO patients VALUES (114, 'Anne', '1987-10-18', 'M');
INSERT INTO patients VALUES (115, 'Jessica', '1938-06-29', 'F');
INSERT INTO patients VALUES (116, 'Morgan', '1992-03-17', 'F');
INSERT INTO patients VALUES (117, 'Jordan', '1940-06-26', 'F');
INSERT INTO patients VALUES (118, 'Alexis', '1975-12-16', 'F');
INSERT INTO patients VALUES (119, 'Meghan', '1954-11-02', 'M');
INSERT INTO patients VALUES (120, 'Michael', '1952-06-23', 'M');
INSERT INTO patients VALUES (121, 'Lauren', '1960-01-14', 'F');
INSERT INTO patients VALUES (122, 'Sandra', '1975-03-13', 'M');
INSERT INTO patients VALUES (123, 'Jeremy', '1988-09-01', 'M');
INSERT INTO patients VALUES (124, 'Arthur', '2003-03-30', 'F');
INSERT INTO patients VALUES (125, 'Jennifer', '1972-12-15', 'F');
INSERT INTO patients VALUES (126, 'Sarah', '1999-10-31', 'F');
INSERT INTO patients VALUES (127, 'Brandon', '1962-01-05', 'F');
INSERT INTO patients VALUES (128, 'Jennifer', '1963-04-23', 'F');
INSERT INTO patients VALUES (129, 'James', '1974-06-10', 'F');
INSERT INTO patients VALUES (130, 'Stephanie', '1944-08-28', 'F');
INSERT INTO patients VALUES (131, 'Joshua', '1955-08-07', 'M');
INSERT INTO patients VALUES (132, 'George', '2002-12-26', 'M');
INSERT INTO patients VALUES (133, 'Janice', '1991-08-08', 'M');
INSERT INTO patients VALUES (134, 'Elizabeth', '1953-04-23', 'F');
INSERT INTO patients VALUES (135, 'Emily', '1959-02-07', 'M');
INSERT INTO patients VALUES (136, 'Christine', '1983-03-07', 'M');
INSERT INTO patients VALUES (137, 'Trevor', '1972-07-07', 'F');
INSERT INTO patients VALUES (138, 'Karen', '1936-12-31', 'F');
INSERT INTO patients VALUES (139, 'Alan', '1981-08-28', 'F');
INSERT INTO patients VALUES (140, 'Laura', '1983-11-14', 'M');
INSERT INTO patients VALUES (141, 'Barbara', '1984-06-26', 'M');
INSERT INTO patients VALUES (142, 'Michael', '1999-01-16', 'M');
INSERT INTO patients VALUES (143, 'Laura', '1996-07-18', 'M');
INSERT INTO patients VALUES (144, 'Rachel', '1954-01-11', 'M');
INSERT INTO patients VALUES (145, 'James', '1937-02-22', 'M');
INSERT INTO patients VALUES (146, 'Katelyn', '1977-04-21', 'F');
INSERT INTO patients VALUES (147, 'Virginia', '1953-01-24', 'F');
INSERT INTO patients VALUES (148, 'James', '1982-04-18', 'M');
INSERT INTO patients VALUES (149, 'Victoria', '1988-08-03', 'F');
INSERT INTO patients VALUES (150, 'Jennifer', '1969-09-25', 'M');
INSERT INTO patients VALUES (151, 'Eric', '1967-01-19', 'F');
INSERT INTO patients VALUES (152, 'Brady', '1957-01-01', 'F');
INSERT INTO patients VALUES (153, 'Timothy', '1990-09-21', 'M');
INSERT INTO patients VALUES (154, 'Jocelyn', '1951-12-05', 'F');
INSERT INTO patients VALUES (155, 'Steve', '1996-05-01', 'M');
INSERT INTO patients VALUES (156, 'Robert', '1990-08-31', 'M');
INSERT INTO patients VALUES (157, 'Jessica', '1937-09-06', 'M');
INSERT INTO patients VALUES (158, 'Edwin', '2001-11-09', 'F');
INSERT INTO patients VALUES (159, 'Jessica', '1957-02-02', 'M');
INSERT INTO patients VALUES (160, 'Whitney', '1962-11-18', 'F');
INSERT INTO patients VALUES (161, 'Linda', '1979-05-20', 'F');
INSERT INTO patients VALUES (162, 'Alec', '1965-10-04', 'M');
INSERT INTO patients VALUES (163, 'Eric', '1992-12-28', 'F');
INSERT INTO patients VALUES (164, 'Jay', '2006-02-24', 'F');
INSERT INTO patients VALUES (165, 'Ruben', '2003-03-10', 'M');
INSERT INTO patients VALUES (166, 'Hannah', '1986-06-17', 'M');
INSERT INTO patients VALUES (167, 'Christine', '1966-07-31', 'M');
INSERT INTO patients VALUES (168, 'Jenna', '2003-10-29', 'F');
INSERT INTO patients VALUES (169, 'Richard', '1999-12-29', 'M');
INSERT INTO patients VALUES (170, 'Amanda', '1952-12-05', 'M');
INSERT INTO patients VALUES (171, 'Gwendolyn', '1941-01-29', 'M');
INSERT INTO patients VALUES (172, 'Dominique', '2005-01-19', 'F');
INSERT INTO patients VALUES (173, 'Kyle', '1999-07-18', 'M');
INSERT INTO patients VALUES (174, 'Michael', '1962-12-25', 'F');
INSERT INTO patients VALUES (175, 'Pamela', '1996-12-30', 'F');
INSERT INTO patients VALUES (176, 'Luis', '1978-07-29', 'F');
INSERT INTO patients VALUES (177, 'Angela', '1959-06-23', 'M');
INSERT INTO patients VALUES (178, 'Ryan', '1934-12-15', 'F');
INSERT INTO patients VALUES (179, 'Jonathan', '2003-07-23', 'F');
INSERT INTO patients VALUES (180, 'Amy', '1935-08-29', 'M');
INSERT INTO patients VALUES (181, 'Tommy', '1967-08-26', 'M');
INSERT INTO patients VALUES (182, 'Taylor', '2002-06-07', 'F');
INSERT INTO patients VALUES (183, 'Timothy', '2005-12-04', 'F');
INSERT INTO patients VALUES (184, 'Emily', '1941-03-24', 'F');
INSERT INTO patients VALUES (185, 'Yvonne', '1966-10-31', 'F');
INSERT INTO patients VALUES (186, 'David', '1997-01-01', 'M');
INSERT INTO patients VALUES (187, 'Madison', '1990-03-27', 'F');
INSERT INTO patients VALUES (188, 'Brandon', '1939-10-29', 'M');
INSERT INTO patients VALUES (189, 'Stephanie', '1965-02-17', 'M');
INSERT INTO patients VALUES (190, 'Robert', '1936-05-04', 'F');
INSERT INTO patients VALUES (191, 'Albert', '1952-07-26', 'M');
INSERT INTO patients VALUES (192, 'John', '1988-04-06', 'F');
INSERT INTO patients VALUES (193, 'Emily', '1988-01-08', 'M');
INSERT INTO patients VALUES (194, 'Timothy', '1984-01-03', 'M');
INSERT INTO patients VALUES (195, 'Megan', '2003-09-07', 'M');
INSERT INTO patients VALUES (196, 'Courtney', '1982-05-16', 'F');
INSERT INTO patients VALUES (197, 'Kara', '1968-07-15', 'F');
INSERT INTO patients VALUES (198, 'Brandon', '1995-07-18', 'M');
INSERT INTO patients VALUES (199, 'Tiffany', '1982-10-07', 'M');
INSERT INTO patients VALUES (200, 'Ashley', '1960-10-04', 'F');

CREATE TABLE doctors (
  doctor_id NUMERIC,
  name TEXT,
  specialty TEXT
);

INSERT INTO doctors VALUES (5001, 'Dr. Cruz', 'Neurology');
INSERT INTO doctors VALUES (5002, 'Dr. Stephens', 'Neurology');
INSERT INTO doctors VALUES (5003, 'Dr. French', 'Pediatrics');
INSERT INTO doctors VALUES (5004, 'Dr. Glover', 'Cardiology');
INSERT INTO doctors VALUES (5005, 'Dr. Frank', 'Oncology');
INSERT INTO doctors VALUES (5006, 'Dr. Barrera', 'Cardiology');
INSERT INTO doctors VALUES (5007, 'Dr. Bell', 'Oncology');
INSERT INTO doctors VALUES (5008, 'Dr. Hoffman', 'Pediatrics');
INSERT INTO doctors VALUES (5009, 'Dr. Nichols', 'Neurology');
INSERT INTO doctors VALUES (5010, 'Dr. Anderson', 'Neurology');
INSERT INTO doctors VALUES (5011, 'Dr. Santos', 'Oncology');
INSERT INTO doctors VALUES (5012, 'Dr. Roberts', 'Pediatrics');
INSERT INTO doctors VALUES (5013, 'Dr. Miller', 'Cardiology');
INSERT INTO doctors VALUES (5014, 'Dr. Horne', 'Neurology');
INSERT INTO doctors VALUES (5015, 'Dr. Lee', 'Pediatrics');
INSERT INTO doctors VALUES (5016, 'Dr. Hall', 'Cardiology');
INSERT INTO doctors VALUES (5017, 'Dr. Roy', 'Cardiology');
INSERT INTO doctors VALUES (5018, 'Dr. Wolf', 'Dermatology');
INSERT INTO doctors VALUES (5019, 'Dr. Sharp', 'Dermatology');
INSERT INTO doctors VALUES (5020, 'Dr. Johnson', 'Dermatology');

CREATE TABLE appointments (
  appointment_id NUMERIC,
  patient_id NUMERIC,
  appointment_date TEXT,
  doctor_id NUMERIC
);

INSERT INTO appointments VALUES (3001, 128, '2025-05-23', 5008);
INSERT INTO appointments VALUES (3002, 23, '2025-05-23', 5008);
INSERT INTO appointments VALUES (3003, 173, '2025-05-23', 5003);
INSERT INTO appointments VALUES (3004, 119, '2025-05-23', 5018);
INSERT INTO appointments VALUES (3005, 32, '2025-05-23', 5005);
INSERT INTO appointments VALUES (3006, 87, '2025-05-23', 5006);
INSERT INTO appointments VALUES (3007, 108, '2025-05-23', 5001);
INSERT INTO appointments VALUES (3008, 138, '2025-05-23', 5019);
INSERT INTO appointments VALUES (3009, 16, '2025-05-23', 5006);
INSERT INTO appointments VALUES (3010, 59, '2025-05-23', 5018);
INSERT INTO appointments VALUES (3011, 178, '2025-05-23', 5015);
INSERT INTO appointments VALUES (3012, 143, '2025-05-23', 5019);
INSERT INTO appointments VALUES (3013, 67, '2025-05-23', 5005);
INSERT INTO appointments VALUES (3014, 31, '2025-05-23', 5012);
INSERT INTO appointments VALUES (3015, 167, '2025-05-23', 5009);
INSERT INTO appointments VALUES (3016, 191, '2025-05-23', 5020);
INSERT INTO appointments VALUES (3017, 184, '2025-05-23', 5005);
INSERT INTO appointments VALUES (3018, 40, '2025-05-23', 5008);
INSERT INTO appointments VALUES (3019, 140, '2025-05-23', 5017);
INSERT INTO appointments VALUES (3020, 87, '2025-05-23', 5017);
INSERT INTO appointments VALUES (3021, 80, '2025-05-23', 5007);
INSERT INTO appointments VALUES (3022, 196, '2025-05-23', 5008);
INSERT INTO appointments VALUES (3023, 143, '2025-05-23', 5009);
INSERT INTO appointments VALUES (3024, 13, '2025-05-23', 5018);
INSERT INTO appointments VALUES (3025, 139, '2025-05-23', 5002);
INSERT INTO appointments VALUES (3026, 122, '2025-05-23', 5008);
INSERT INTO appointments VALUES (3027, 79, '2025-05-23', 5001);
INSERT INTO appointments VALUES (3028, 46, '2025-05-23', 5012);
INSERT INTO appointments VALUES (3029, 57, '2025-05-23', 5001);
INSERT INTO appointments VALUES (3030, 63, '2025-05-23', 5005);
INSERT INTO appointments VALUES (3031, 28, '2025-05-23', 5016);
INSERT INTO appointments VALUES (3032, 69, '2025-05-23', 5016);
INSERT INTO appointments VALUES (3033, 115, '2025-05-23', 5015);
INSERT INTO appointments VALUES (3034, 31, '2025-05-23', 5004);
INSERT INTO appointments VALUES (3035, 144, '2025-05-23', 5013);
INSERT INTO appointments VALUES (3036, 24, '2025-05-23', 5005);
INSERT INTO appointments VALUES (3037, 102, '2025-05-23', 5014);
INSERT INTO appointments VALUES (3038, 196, '2025-05-23', 5019);
INSERT INTO appointments VALUES (3039, 34, '2025-05-23', 5020);
INSERT INTO appointments VALUES (3040, 109, '2025-05-23', 5004);
INSERT INTO appointments VALUES (3041, 11, '2025-05-23', 5009);
INSERT INTO appointments VALUES (3042, 5, '2025-05-23', 5005);
INSERT INTO appointments VALUES (3043, 57, '2025-05-23', 5016);
INSERT INTO appointments VALUES (3044, 63, '2025-05-23', 5014);
INSERT INTO appointments VALUES (3045, 21, '2025-05-23', 5017);
INSERT INTO appointments VALUES (3046, 149, '2025-05-23', 5017);
INSERT INTO appointments VALUES (3047, 191, '2025-05-23', 5004);
INSERT INTO appointments VALUES (3048, 200, '2025-05-23', 5013);
INSERT INTO appointments VALUES (3049, 2, '2025-05-23', 5002);
INSERT INTO appointments VALUES (3050, 148, '2025-05-23', 5014);
INSERT INTO appointments VALUES (3051, 164, '2025-05-23', 5010);
INSERT INTO appointments VALUES (3052, 23, '2025-05-23', 5002);
INSERT INTO appointments VALUES (3053, 83, '2025-05-23', 5014);
INSERT INTO appointments VALUES (3054, 178, '2025-05-23', 5008);
INSERT INTO appointments VALUES (3055, 74, '2025-05-23', 5020);
INSERT INTO appointments VALUES (3056, 196, '2025-05-23', 5019);
INSERT INTO appointments VALUES (3057, 150, '2025-05-23', 5006);
INSERT INTO appointments VALUES (3058, 199, '2025-05-23', 5020);
INSERT INTO appointments VALUES (3059, 119, '2025-05-23', 5020);
INSERT INTO appointments VALUES (3060, 190, '2025-05-23', 5014);
INSERT INTO appointments VALUES (3061, 97, '2025-05-23', 5016);
INSERT INTO appointments VALUES (3062, 148, '2025-05-23', 5004);
INSERT INTO appointments VALUES (3063, 32, '2025-05-23', 5014);
INSERT INTO appointments VALUES (3064, 34, '2025-05-23', 5006);
INSERT INTO appointments VALUES (3065, 16, '2025-05-23', 5011);
INSERT INTO appointments VALUES (3066, 28, '2025-05-23', 5016);
INSERT INTO appointments VALUES (3067, 129, '2025-05-23', 5014);
INSERT INTO appointments VALUES (3068, 199, '2025-05-23', 5005);
INSERT INTO appointments VALUES (3069, 103, '2025-05-23', 5002);
INSERT INTO appointments VALUES (3070, 39, '2025-05-23', 5012);
INSERT INTO appointments VALUES (3071, 8, '2025-05-23', 5001);
INSERT INTO appointments VALUES (3072, 52, '2025-05-23', 5012);
INSERT INTO appointments VALUES (3073, 133, '2025-05-23', 5016);
INSERT INTO appointments VALUES (3074, 163, '2025-05-23', 5012);
INSERT INTO appointments VALUES (3075, 145, '2025-05-23', 5013);
INSERT INTO appointments VALUES (3076, 74, '2025-05-23', 5013);
INSERT INTO appointments VALUES (3077, 122, '2025-05-23', 5016);
INSERT INTO appointments VALUES (3078, 127, '2025-05-23', 5004);
INSERT INTO appointments VALUES (3079, 35, '2025-05-23', 5008);
INSERT INTO appointments VALUES (3080, 32, '2025-05-23', 5012);
INSERT INTO appointments VALUES (3081, 52, '2025-05-23', 5005);
INSERT INTO appointments VALUES (3082, 97, '2025-05-23', 5013);
INSERT INTO appointments VALUES (3083, 49, '2025-05-23', 5013);
INSERT INTO appointments VALUES (3084, 192, '2025-05-23', 5002);
INSERT INTO appointments VALUES (3085, 107, '2025-05-23', 5013);
INSERT INTO appointments VALUES (3086, 77, '2025-05-23', 5015);
INSERT INTO appointments VALUES (3087, 181, '2025-05-23', 5007);
INSERT INTO appointments VALUES (3088, 124, '2025-05-23', 5020);
INSERT INTO appointments VALUES (3089, 107, '2025-05-23', 5004);
INSERT INTO appointments VALUES (3090, 56, '2025-05-23', 5005);
INSERT INTO appointments VALUES (3091, 105, '2025-05-23', 5003);
INSERT INTO appointments VALUES (3092, 84, '2025-05-23', 5001);
INSERT INTO appointments VALUES (3093, 199, '2025-05-23', 5006);
INSERT INTO appointments VALUES (3094, 156, '2025-05-23', 5017);
INSERT INTO appointments VALUES (3095, 200, '2025-05-23', 5013);
INSERT INTO appointments VALUES (3096, 160, '2025-05-23', 5015);
INSERT INTO appointments VALUES (3097, 138, '2025-05-23', 5004);
INSERT INTO appointments VALUES (3098, 70, '2025-05-23', 5020);
INSERT INTO appointments VALUES (3099, 49, '2025-05-23', 5019);
INSERT INTO appointments VALUES (3100, 156, '2025-05-23', 5008);
INSERT INTO appointments VALUES (3101, 156, '2025-05-23', 5007);
INSERT INTO appointments VALUES (3102, 17, '2025-05-23', 5011);
INSERT INTO appointments VALUES (3103, 118, '2025-05-23', 5012);
INSERT INTO appointments VALUES (3104, 92, '2025-05-23', 5012);
INSERT INTO appointments VALUES (3105, 29, '2025-05-23', 5003);
INSERT INTO appointments VALUES (3106, 7, '2025-05-23', 5019);
INSERT INTO appointments VALUES (3107, 5, '2025-05-23', 5016);
INSERT INTO appointments VALUES (3108, 9, '2025-05-23', 5008);
INSERT INTO appointments VALUES (3109, 47, '2025-05-23', 5004);
INSERT INTO appointments VALUES (3110, 114, '2025-05-23', 5004);
INSERT INTO appointments VALUES (3111, 35, '2025-05-23', 5009);
INSERT INTO appointments VALUES (3112, 184, '2025-05-23', 5015);
INSERT INTO appointments VALUES (3113, 57, '2025-05-23', 5001);
INSERT INTO appointments VALUES (3114, 5, '2025-05-23', 5001);
INSERT INTO appointments VALUES (3115, 23, '2025-05-23', 5002);
INSERT INTO appointments VALUES (3116, 105, '2025-05-23', 5009);
INSERT INTO appointments VALUES (3117, 29, '2025-05-23', 5019);
INSERT INTO appointments VALUES (3118, 138, '2025-05-23', 5003);
INSERT INTO appointments VALUES (3119, 142, '2025-05-23', 5014);
INSERT INTO appointments VALUES (3120, 68, '2025-05-23', 5011);
INSERT INTO appointments VALUES (3121, 133, '2025-05-23', 5016);
INSERT INTO appointments VALUES (3122, 173, '2025-05-23', 5015);
INSERT INTO appointments VALUES (3123, 177, '2025-05-23', 5016);
INSERT INTO appointments VALUES (3124, 4, '2025-05-23', 5006);
INSERT INTO appointments VALUES (3125, 98, '2025-05-23', 5002);
INSERT INTO appointments VALUES (3126, 32, '2025-05-23', 5007);
INSERT INTO appointments VALUES (3127, 49, '2025-05-23', 5017);
INSERT INTO appointments VALUES (3128, 186, '2025-05-23', 5007);
INSERT INTO appointments VALUES (3129, 195, '2025-05-23', 5019);
INSERT INTO appointments VALUES (3130, 186, '2025-05-23', 5018);
INSERT INTO appointments VALUES (3131, 71, '2025-05-23', 5013);
INSERT INTO appointments VALUES (3132, 93, '2025-05-23', 5020);
INSERT INTO appointments VALUES (3133, 37, '2025-05-23', 5016);
INSERT INTO appointments VALUES (3134, 187, '2025-05-23', 5001);
INSERT INTO appointments VALUES (3135, 101, '2025-05-23', 5001);
INSERT INTO appointments VALUES (3136, 148, '2025-05-23', 5018);
INSERT INTO appointments VALUES (3137, 179, '2025-05-23', 5013);
INSERT INTO appointments VALUES (3138, 131, '2025-05-23', 5016);
INSERT INTO appointments VALUES (3139, 59, '2025-05-23', 5006);
INSERT INTO appointments VALUES (3140, 127, '2025-05-23', 5003);
INSERT INTO appointments VALUES (3141, 120, '2025-05-23', 5013);
INSERT INTO appointments VALUES (3142, 136, '2025-05-23', 5002);
INSERT INTO appointments VALUES (3143, 35, '2025-05-23', 5019);
INSERT INTO appointments VALUES (3144, 71, '2025-05-23', 5009);
INSERT INTO appointments VALUES (3145, 47, '2025-05-23', 5013);
INSERT INTO appointments VALUES (3146, 81, '2025-05-23', 5005);
INSERT INTO appointments VALUES (3147, 131, '2025-05-23', 5013);
INSERT INTO appointments VALUES (3148, 80, '2025-05-23', 5017);
INSERT INTO appointments VALUES (3149, 132, '2025-05-23', 5002);
INSERT INTO appointments VALUES (3150, 14, '2025-05-23', 5012);
INSERT INTO appointments VALUES (3151, 82, '2025-05-23', 5001);
INSERT INTO appointments VALUES (3152, 13, '2025-05-23', 5009);
INSERT INTO appointments VALUES (3153, 198, '2025-05-23', 5013);
INSERT INTO appointments VALUES (3154, 53, '2025-05-23', 5019);
INSERT INTO appointments VALUES (3155, 153, '2025-05-23', 5006);
INSERT INTO appointments VALUES (3156, 3, '2025-05-23', 5006);
INSERT INTO appointments VALUES (3157, 75, '2025-05-23', 5013);
INSERT INTO appointments VALUES (3158, 186, '2025-05-23', 5001);
INSERT INTO appointments VALUES (3159, 55, '2025-05-23', 5016);
INSERT INTO appointments VALUES (3160, 16, '2025-05-23', 5005);
INSERT INTO appointments VALUES (3161, 170, '2025-05-23', 5009);
INSERT INTO appointments VALUES (3162, 125, '2025-05-23', 5013);
INSERT INTO appointments VALUES (3163, 163, '2025-05-23', 5003);
INSERT INTO appointments VALUES (3164, 99, '2025-05-23', 5018);
INSERT INTO appointments VALUES (3165, 36, '2025-05-23', 5019);
INSERT INTO appointments VALUES (3166, 108, '2025-05-23', 5007);
INSERT INTO appointments VALUES (3167, 49, '2025-05-23', 5010);
INSERT INTO appointments VALUES (3168, 147, '2025-05-23', 5007);
INSERT INTO appointments VALUES (3169, 94, '2025-05-23', 5015);
INSERT INTO appointments VALUES (3170, 21, '2025-05-23', 5015);
INSERT INTO appointments VALUES (3171, 179, '2025-05-23', 5001);
INSERT INTO appointments VALUES (3172, 179, '2025-05-23', 5009);
INSERT INTO appointments VALUES (3173, 102, '2025-05-23', 5014);
INSERT INTO appointments VALUES (3174, 101, '2025-05-23', 5015);
INSERT INTO appointments VALUES (3175, 197, '2025-05-23', 5013);
INSERT INTO appointments VALUES (3176, 159, '2025-05-23', 5008);
INSERT INTO appointments VALUES (3177, 30, '2025-05-23', 5020);
INSERT INTO appointments VALUES (3178, 131, '2025-05-23', 5009);
INSERT INTO appointments VALUES (3179, 70, '2025-05-23', 5020);
INSERT INTO appointments VALUES (3180, 108, '2025-05-23', 5013);
INSERT INTO appointments VALUES (3181, 62, '2025-05-23', 5019);
INSERT INTO appointments VALUES (3182, 67, '2025-05-23', 5013);
INSERT INTO appointments VALUES (3183, 75, '2025-05-23', 5007);
INSERT INTO appointments VALUES (3184, 72, '2025-05-23', 5018);
INSERT INTO appointments VALUES (3185, 182, '2025-05-23', 5006);
INSERT INTO appointments VALUES (3186, 192, '2025-05-23', 5005);
INSERT INTO appointments VALUES (3187, 63, '2025-05-23', 5015);
INSERT INTO appointments VALUES (3188, 107, '2025-05-23', 5009);
INSERT INTO appointments VALUES (3189, 168, '2025-05-23', 5007);
INSERT INTO appointments VALUES (3190, 174, '2025-05-23', 5020);
INSERT INTO appointments VALUES (3191, 76, '2025-05-23', 5006);
INSERT INTO appointments VALUES (3192, 25, '2025-05-23', 5006);
INSERT INTO appointments VALUES (3193, 64, '2025-05-23', 5005);
INSERT INTO appointments VALUES (3194, 125, '2025-05-23', 5015);
INSERT INTO appointments VALUES (3195, 49, '2025-05-23', 5020);
INSERT INTO appointments VALUES (3196, 21, '2025-05-23', 5006);
INSERT INTO appointments VALUES (3197, 141, '2025-05-23', 5001);
INSERT INTO appointments VALUES (3198, 98, '2025-05-23', 5008);
INSERT INTO appointments VALUES (3199, 151, '2025-05-23', 5003);
INSERT INTO appointments VALUES (3200, 155, '2025-05-23', 5019);
INSERT INTO appointments VALUES (3201, 124, '2025-05-23', 5001);
INSERT INTO appointments VALUES (3202, 42, '2025-05-23', 5001);
INSERT INTO appointments VALUES (3203, 180, '2025-05-23', 5014);
INSERT INTO appointments VALUES (3204, 164, '2025-05-23', 5019);
INSERT INTO appointments VALUES (3205, 187, '2025-05-23', 5008);
INSERT INTO appointments VALUES (3206, 129, '2025-05-23', 5002);
INSERT INTO appointments VALUES (3207, 160, '2025-05-23', 5012);
INSERT INTO appointments VALUES (3208, 172, '2025-05-23', 5005);
INSERT INTO appointments VALUES (3209, 99, '2025-05-23', 5003);
INSERT INTO appointments VALUES (3210, 32, '2025-05-23', 5012);
INSERT INTO appointments VALUES (3211, 58, '2025-05-23', 5004);
INSERT INTO appointments VALUES (3212, 41, '2025-05-23', 5004);
INSERT INTO appointments VALUES (3213, 21, '2025-05-23', 5014);
INSERT INTO appointments VALUES (3214, 27, '2025-05-23', 5008);
INSERT INTO appointments VALUES (3215, 79, '2025-05-23', 5018);
INSERT INTO appointments VALUES (3216, 64, '2025-05-23', 5002);
INSERT INTO appointments VALUES (3217, 164, '2025-05-23', 5020);
INSERT INTO appointments VALUES (3218, 157, '2025-05-23', 5013);
INSERT INTO appointments VALUES (3219, 174, '2025-05-23', 5003);
INSERT INTO appointments VALUES (3220, 137, '2025-05-23', 5007);
INSERT INTO appointments VALUES (3221, 155, '2025-05-23', 5013);
INSERT INTO appointments VALUES (3222, 186, '2025-05-23', 5012);
INSERT INTO appointments VALUES (3223, 100, '2025-05-23', 5013);
INSERT INTO appointments VALUES (3224, 174, '2025-05-23', 5007);
INSERT INTO appointments VALUES (3225, 160, '2025-05-23', 5008);
INSERT INTO appointments VALUES (3226, 44, '2025-05-23', 5015);
INSERT INTO appointments VALUES (3227, 126, '2025-05-23', 5003);
INSERT INTO appointments VALUES (3228, 148, '2025-05-23', 5016);
INSERT INTO appointments VALUES (3229, 92, '2025-05-23', 5018);
INSERT INTO appointments VALUES (3230, 83, '2025-05-23', 5011);
INSERT INTO appointments VALUES (3231, 153, '2025-05-23', 5019);
INSERT INTO appointments VALUES (3232, 114, '2025-05-23', 5018);
INSERT INTO appointments VALUES (3233, 161, '2025-05-23', 5002);
INSERT INTO appointments VALUES (3234, 10, '2025-05-23', 5013);
INSERT INTO appointments VALUES (3235, 151, '2025-05-23', 5020);
INSERT INTO appointments VALUES (3236, 194, '2025-05-23', 5007);
INSERT INTO appointments VALUES (3237, 38, '2025-05-23', 5008);
INSERT INTO appointments VALUES (3238, 134, '2025-05-23', 5007);
INSERT INTO appointments VALUES (3239, 22, '2025-05-23', 5016);
INSERT INTO appointments VALUES (3240, 80, '2025-05-23', 5016);
INSERT INTO appointments VALUES (3241, 4, '2025-05-23', 5003);
INSERT INTO appointments VALUES (3242, 109, '2025-05-23', 5010);
INSERT INTO appointments VALUES (3243, 176, '2025-05-23', 5012);
INSERT INTO appointments VALUES (3244, 2, '2025-05-23', 5009);
INSERT INTO appointments VALUES (3245, 183, '2025-05-23', 5001);
INSERT INTO appointments VALUES (3246, 89, '2025-05-23', 5016);
INSERT INTO appointments VALUES (3247, 162, '2025-05-23', 5020);
INSERT INTO appointments VALUES (3248, 199, '2025-05-23', 5001);
INSERT INTO appointments VALUES (3249, 172, '2025-05-23', 5006);
INSERT INTO appointments VALUES (3250, 113, '2025-05-23', 5006);
INSERT INTO appointments VALUES (3251, 55, '2025-05-23', 5005);
INSERT INTO appointments VALUES (3252, 181, '2025-05-23', 5019);
INSERT INTO appointments VALUES (3253, 132, '2025-05-23', 5016);
INSERT INTO appointments VALUES (3254, 140, '2025-05-23', 5011);
INSERT INTO appointments VALUES (3255, 10, '2025-05-23', 5007);
INSERT INTO appointments VALUES (3256, 148, '2025-05-23', 5003);
INSERT INTO appointments VALUES (3257, 7, '2025-05-23', 5003);
INSERT INTO appointments VALUES (3258, 5, '2025-05-23', 5017);
INSERT INTO appointments VALUES (3259, 133, '2025-05-23', 5014);
INSERT INTO appointments VALUES (3260, 19, '2025-05-23', 5007);
INSERT INTO appointments VALUES (3261, 80, '2025-05-23', 5019);
INSERT INTO appointments VALUES (3262, 58, '2025-05-23', 5001);
INSERT INTO appointments VALUES (3263, 96, '2025-05-23', 5009);
INSERT INTO appointments VALUES (3264, 128, '2025-05-23', 5001);
INSERT INTO appointments VALUES (3265, 158, '2025-05-23', 5006);
INSERT INTO appointments VALUES (3266, 38, '2025-05-23', 5020);
INSERT INTO appointments VALUES (3267, 104, '2025-05-23', 5003);
INSERT INTO appointments VALUES (3268, 14, '2025-05-23', 5006);
INSERT INTO appointments VALUES (3269, 26, '2025-05-23', 5014);
INSERT INTO appointments VALUES (3270, 197, '2025-05-23', 5020);
INSERT INTO appointments VALUES (3271, 6, '2025-05-23', 5001);
INSERT INTO appointments VALUES (3272, 16, '2025-05-23', 5019);
INSERT INTO appointments VALUES (3273, 158, '2025-05-23', 5006);
INSERT INTO appointments VALUES (3274, 135, '2025-05-23', 5013);
INSERT INTO appointments VALUES (3275, 97, '2025-05-23', 5002);
INSERT INTO appointments VALUES (3276, 61, '2025-05-23', 5008);
INSERT INTO appointments VALUES (3277, 59, '2025-05-23', 5007);
INSERT INTO appointments VALUES (3278, 7, '2025-05-23', 5011);
INSERT INTO appointments VALUES (3279, 58, '2025-05-23', 5013);
INSERT INTO appointments VALUES (3280, 69, '2025-05-23', 5008);
INSERT INTO appointments VALUES (3281, 193, '2025-05-23', 5009);
INSERT INTO appointments VALUES (3282, 147, '2025-05-23', 5001);
INSERT INTO appointments VALUES (3283, 166, '2025-05-23', 5005);
INSERT INTO appointments VALUES (3284, 92, '2025-05-23', 5020);
INSERT INTO appointments VALUES (3285, 154, '2025-05-23', 5006);
INSERT INTO appointments VALUES (3286, 59, '2025-05-23', 5007);
INSERT INTO appointments VALUES (3287, 14, '2025-05-23', 5004);
INSERT INTO appointments VALUES (3288, 35, '2025-05-23', 5007);
INSERT INTO appointments VALUES (3289, 105, '2025-05-23', 5014);
INSERT INTO appointments VALUES (3290, 124, '2025-05-23', 5012);
INSERT INTO appointments VALUES (3291, 137, '2025-05-23', 5007);
INSERT INTO appointments VALUES (3292, 80, '2025-05-23', 5008);
INSERT INTO appointments VALUES (3293, 20, '2025-05-23', 5016);
INSERT INTO appointments VALUES (3294, 178, '2025-05-23', 5009);
INSERT INTO appointments VALUES (3295, 173, '2025-05-23', 5012);
INSERT INTO appointments VALUES (3296, 54, '2025-05-23', 5014);
INSERT INTO appointments VALUES (3297, 89, '2025-05-23', 5003);
INSERT INTO appointments VALUES (3298, 37, '2025-05-23', 5004);
INSERT INTO appointments VALUES (3299, 9, '2025-05-23', 5015);
INSERT INTO appointments VALUES (3300, 58, '2025-05-23', 5011);
INSERT INTO appointments VALUES (3301, 42, '2025-05-23', 5008);
INSERT INTO appointments VALUES (3302, 34, '2025-05-23', 5015);
INSERT INTO appointments VALUES (3303, 166, '2025-05-23', 5005);
INSERT INTO appointments VALUES (3304, 90, '2025-05-23', 5008);
INSERT INTO appointments VALUES (3305, 135, '2025-05-23', 5014);
INSERT INTO appointments VALUES (3306, 155, '2025-05-23', 5002);
INSERT INTO appointments VALUES (3307, 156, '2025-05-23', 5002);
INSERT INTO appointments VALUES (3308, 65, '2025-05-23', 5019);
INSERT INTO appointments VALUES (3309, 135, '2025-05-23', 5018);
INSERT INTO appointments VALUES (3310, 128, '2025-05-23', 5001);
INSERT INTO appointments VALUES (3311, 138, '2025-05-23', 5003);
INSERT INTO appointments VALUES (3312, 12, '2025-05-23', 5017);
INSERT INTO appointments VALUES (3313, 23, '2025-05-23', 5014);
INSERT INTO appointments VALUES (3314, 106, '2025-05-23', 5003);
INSERT INTO appointments VALUES (3315, 169, '2025-05-23', 5017);
INSERT INTO appointments VALUES (3316, 99, '2025-05-23', 5018);
INSERT INTO appointments VALUES (3317, 13, '2025-05-23', 5008);
INSERT INTO appointments VALUES (3318, 63, '2025-05-23', 5011);
INSERT INTO appointments VALUES (3319, 79, '2025-05-23', 5003);
INSERT INTO appointments VALUES (3320, 39, '2025-05-23', 5004);
INSERT INTO appointments VALUES (3321, 54, '2025-05-23', 5013);
INSERT INTO appointments VALUES (3322, 128, '2025-05-23', 5001);
INSERT INTO appointments VALUES (3323, 60, '2025-05-23', 5019);
INSERT INTO appointments VALUES (3324, 91, '2025-05-23', 5018);
INSERT INTO appointments VALUES (3325, 125, '2025-05-23', 5005);
INSERT INTO appointments VALUES (3326, 118, '2025-05-23', 5006);
INSERT INTO appointments VALUES (3327, 180, '2025-05-23', 5004);
INSERT INTO appointments VALUES (3328, 141, '2025-05-23', 5007);
INSERT INTO appointments VALUES (3329, 10, '2025-05-23', 5020);
INSERT INTO appointments VALUES (3330, 63, '2025-05-23', 5004);
INSERT INTO appointments VALUES (3331, 52, '2025-05-23', 5015);
INSERT INTO appointments VALUES (3332, 105, '2025-05-23', 5013);
INSERT INTO appointments VALUES (3333, 101, '2025-05-23', 5011);
INSERT INTO appointments VALUES (3334, 164, '2025-05-23', 5008);
INSERT INTO appointments VALUES (3335, 55, '2025-05-23', 5014);
INSERT INTO appointments VALUES (3336, 162, '2025-05-23', 5014);
INSERT INTO appointments VALUES (3337, 54, '2025-05-23', 5020);
INSERT INTO appointments VALUES (3338, 149, '2025-05-23', 5005);
INSERT INTO appointments VALUES (3339, 35, '2025-05-23', 5015);
INSERT INTO appointments VALUES (3340, 161, '2025-05-23', 5016);
INSERT INTO appointments VALUES (3341, 33, '2025-05-23', 5007);
INSERT INTO appointments VALUES (3342, 59, '2025-05-23', 5002);
INSERT INTO appointments VALUES (3343, 156, '2025-05-23', 5007);
INSERT INTO appointments VALUES (3344, 69, '2025-05-23', 5013);
INSERT INTO appointments VALUES (3345, 55, '2025-05-23', 5004);
INSERT INTO appointments VALUES (3346, 164, '2025-05-23', 5007);
INSERT INTO appointments VALUES (3347, 40, '2025-05-23', 5005);
INSERT INTO appointments VALUES (3348, 157, '2025-05-23', 5019);
INSERT INTO appointments VALUES (3349, 47, '2025-05-23', 5019);
INSERT INTO appointments VALUES (3350, 157, '2025-05-23', 5010);
INSERT INTO appointments VALUES (3351, 41, '2025-05-23', 5005);
INSERT INTO appointments VALUES (3352, 127, '2025-05-23', 5015);
INSERT INTO appointments VALUES (3353, 87, '2025-05-23', 5004);
INSERT INTO appointments VALUES (3354, 94, '2025-05-23', 5018);
INSERT INTO appointments VALUES (3355, 138, '2025-05-23', 5012);
INSERT INTO appointments VALUES (3356, 81, '2025-05-23', 5004);
INSERT INTO appointments VALUES (3357, 146, '2025-05-23', 5014);
INSERT INTO appointments VALUES (3358, 108, '2025-05-23', 5015);
INSERT INTO appointments VALUES (3359, 121, '2025-05-23', 5004);
INSERT INTO appointments VALUES (3360, 67, '2025-05-23', 5016);
INSERT INTO appointments VALUES (3361, 105, '2025-05-23', 5004);
INSERT INTO appointments VALUES (3362, 42, '2025-05-23', 5002);
INSERT INTO appointments VALUES (3363, 18, '2025-05-23', 5005);
INSERT INTO appointments VALUES (3364, 48, '2025-05-23', 5017);
INSERT INTO appointments VALUES (3365, 178, '2025-05-23', 5008);
INSERT INTO appointments VALUES (3366, 63, '2025-05-23', 5013);
INSERT INTO appointments VALUES (3367, 104, '2025-05-23', 5016);
INSERT INTO appointments VALUES (3368, 140, '2025-05-23', 5002);
INSERT INTO appointments VALUES (3369, 162, '2025-05-23', 5015);
INSERT INTO appointments VALUES (3370, 165, '2025-05-23', 5003);
INSERT INTO appointments VALUES (3371, 39, '2025-05-23', 5014);
INSERT INTO appointments VALUES (3372, 124, '2025-05-23', 5014);
INSERT INTO appointments VALUES (3373, 177, '2025-05-23', 5004);
INSERT INTO appointments VALUES (3374, 187, '2025-05-23', 5020);
INSERT INTO appointments VALUES (3375, 1, '2025-05-23', 5018);
INSERT INTO appointments VALUES (3376, 59, '2025-05-23', 5007);
INSERT INTO appointments VALUES (3377, 83, '2025-05-23', 5006);
INSERT INTO appointments VALUES (3378, 27, '2025-05-23', 5006);
INSERT INTO appointments VALUES (3379, 199, '2025-05-23', 5018);
INSERT INTO appointments VALUES (3380, 32, '2025-05-23', 5017);
INSERT INTO appointments VALUES (3381, 39, '2025-05-23', 5010);
INSERT INTO appointments VALUES (3382, 79, '2025-05-23', 5019);
INSERT INTO appointments VALUES (3383, 36, '2025-05-23', 5013);
INSERT INTO appointments VALUES (3384, 95, '2025-05-23', 5008);
INSERT INTO appointments VALUES (3385, 31, '2025-05-23', 5013);
INSERT INTO appointments VALUES (3386, 74, '2025-05-23', 5003);
INSERT INTO appointments VALUES (3387, 79, '2025-05-23', 5008);
INSERT INTO appointments VALUES (3388, 54, '2025-05-23', 5008);
INSERT INTO appointments VALUES (3389, 195, '2025-05-23', 5008);
INSERT INTO appointments VALUES (3390, 43, '2025-05-23', 5014);
INSERT INTO appointments VALUES (3391, 47, '2025-05-23', 5007);
INSERT INTO appointments VALUES (3392, 24, '2025-05-23', 5018);
INSERT INTO appointments VALUES (3393, 73, '2025-05-23', 5015);
INSERT INTO appointments VALUES (3394, 6, '2025-05-23', 5005);
INSERT INTO appointments VALUES (3395, 55, '2025-05-23', 5009);
INSERT INTO appointments VALUES (3396, 191, '2025-05-23', 5012);
INSERT INTO appointments VALUES (3397, 14, '2025-05-23', 5018);
INSERT INTO appointments VALUES (3398, 52, '2025-05-23', 5011);
INSERT INTO appointments VALUES (3399, 156, '2025-05-23', 5017);
INSERT INTO appointments VALUES (3400, 192, '2025-05-23', 5001);
INSERT INTO appointments VALUES (3401, 32, '2025-05-23', 5016);
INSERT INTO appointments VALUES (3402, 187, '2025-05-23', 5020);
INSERT INTO appointments VALUES (3403, 72, '2025-05-23', 5008);
INSERT INTO appointments VALUES (3404, 95, '2025-05-23', 5013);
INSERT INTO appointments VALUES (3405, 121, '2025-05-23', 5017);
INSERT INTO appointments VALUES (3406, 131, '2025-05-23', 5013);
INSERT INTO appointments VALUES (3407, 89, '2025-05-23', 5014);
INSERT INTO appointments VALUES (3408, 48, '2025-05-23', 5007);
INSERT INTO appointments VALUES (3409, 67, '2025-05-23', 5010);
INSERT INTO appointments VALUES (3410, 83, '2025-05-23', 5020);
INSERT INTO appointments VALUES (3411, 127, '2025-05-23', 5001);
INSERT INTO appointments VALUES (3412, 196, '2025-05-23', 5013);
INSERT INTO appointments VALUES (3413, 111, '2025-05-23', 5013);
INSERT INTO appointments VALUES (3414, 53, '2025-05-23', 5015);
INSERT INTO appointments VALUES (3415, 44, '2025-05-23', 5018);
INSERT INTO appointments VALUES (3416, 50, '2025-05-23', 5014);
INSERT INTO appointments VALUES (3417, 34, '2025-05-23', 5010);
INSERT INTO appointments VALUES (3418, 199, '2025-05-23', 5013);
INSERT INTO appointments VALUES (3419, 179, '2025-05-23', 5011);
INSERT INTO appointments VALUES (3420, 149, '2025-05-23', 5014);
INSERT INTO appointments VALUES (3421, 170, '2025-05-23', 5001);
INSERT INTO appointments VALUES (3422, 2, '2025-05-23', 5006);
INSERT INTO appointments VALUES (3423, 163, '2025-05-23', 5003);
INSERT INTO appointments VALUES (3424, 5, '2025-05-23', 5010);
INSERT INTO appointments VALUES (3425, 155, '2025-05-23', 5002);
INSERT INTO appointments VALUES (3426, 87, '2025-05-23', 5011);
INSERT INTO appointments VALUES (3427, 152, '2025-05-23', 5003);
INSERT INTO appointments VALUES (3428, 22, '2025-05-23', 5016);
INSERT INTO appointments VALUES (3429, 83, '2025-05-23', 5009);
INSERT INTO appointments VALUES (3430, 153, '2025-05-23', 5007);
INSERT INTO appointments VALUES (3431, 188, '2025-05-23', 5011);
INSERT INTO appointments VALUES (3432, 200, '2025-05-23', 5019);
INSERT INTO appointments VALUES (3433, 110, '2025-05-23', 5004);
INSERT INTO appointments VALUES (3434, 132, '2025-05-23', 5013);
INSERT INTO appointments VALUES (3435, 179, '2025-05-23', 5004);
INSERT INTO appointments VALUES (3436, 186, '2025-05-23', 5012);
INSERT INTO appointments VALUES (3437, 110, '2025-05-23', 5017);
INSERT INTO appointments VALUES (3438, 169, '2025-05-23', 5015);
INSERT INTO appointments VALUES (3439, 188, '2025-05-23', 5020);
INSERT INTO appointments VALUES (3440, 191, '2025-05-23', 5006);
INSERT INTO appointments VALUES (3441, 176, '2025-05-23', 5007);
INSERT INTO appointments VALUES (3442, 132, '2025-05-23', 5020);
INSERT INTO appointments VALUES (3443, 161, '2025-05-23', 5002);
INSERT INTO appointments VALUES (3444, 86, '2025-05-23', 5005);
INSERT INTO appointments VALUES (3445, 32, '2025-05-23', 5019);
INSERT INTO appointments VALUES (3446, 102, '2025-05-23', 5008);
INSERT INTO appointments VALUES (3447, 185, '2025-05-23', 5020);
INSERT INTO appointments VALUES (3448, 88, '2025-05-23', 5003);
INSERT INTO appointments VALUES (3449, 167, '2025-05-23', 5017);
INSERT INTO appointments VALUES (3450, 115, '2025-05-23', 5002);
INSERT INTO appointments VALUES (3451, 47, '2025-05-23', 5007);
INSERT INTO appointments VALUES (3452, 132, '2025-05-23', 5006);
INSERT INTO appointments VALUES (3453, 125, '2025-05-23', 5001);
INSERT INTO appointments VALUES (3454, 53, '2025-05-23', 5013);
INSERT INTO appointments VALUES (3455, 39, '2025-05-23', 5003);
INSERT INTO appointments VALUES (3456, 17, '2025-05-23', 5009);
INSERT INTO appointments VALUES (3457, 21, '2025-05-23', 5016);
INSERT INTO appointments VALUES (3458, 36, '2025-05-23', 5009);
INSERT INTO appointments VALUES (3459, 85, '2025-05-23', 5013);
INSERT INTO appointments VALUES (3460, 144, '2025-05-23', 5018);
INSERT INTO appointments VALUES (3461, 68, '2025-05-23', 5005);
INSERT INTO appointments VALUES (3462, 85, '2025-05-23', 5003);
INSERT INTO appointments VALUES (3463, 115, '2025-05-23', 5020);
INSERT INTO appointments VALUES (3464, 97, '2025-05-23', 5019);
INSERT INTO appointments VALUES (3465, 36, '2025-05-23', 5016);
INSERT INTO appointments VALUES (3466, 77, '2025-05-23', 5017);
INSERT INTO appointments VALUES (3467, 162, '2025-05-23', 5019);
INSERT INTO appointments VALUES (3468, 22, '2025-05-23', 5003);
INSERT INTO appointments VALUES (3469, 140, '2025-05-23', 5010);
INSERT INTO appointments VALUES (3470, 114, '2025-05-23', 5012);
INSERT INTO appointments VALUES (3471, 123, '2025-05-23', 5004);
INSERT INTO appointments VALUES (3472, 123, '2025-05-23', 5005);
INSERT INTO appointments VALUES (3473, 147, '2025-05-23', 5010);
INSERT INTO appointments VALUES (3474, 63, '2025-05-23', 5003);
INSERT INTO appointments VALUES (3475, 140, '2025-05-23', 5014);
INSERT INTO appointments VALUES (3476, 163, '2025-05-23', 5017);
INSERT INTO appointments VALUES (3477, 167, '2025-05-23', 5008);
INSERT INTO appointments VALUES (3478, 99, '2025-05-23', 5003);
INSERT INTO appointments VALUES (3479, 89, '2025-05-23', 5012);
INSERT INTO appointments VALUES (3480, 71, '2025-05-23', 5020);
INSERT INTO appointments VALUES (3481, 96, '2025-05-23', 5004);
INSERT INTO appointments VALUES (3482, 82, '2025-05-23', 5009);
INSERT INTO appointments VALUES (3483, 133, '2025-05-23', 5013);
INSERT INTO appointments VALUES (3484, 127, '2025-05-23', 5017);
INSERT INTO appointments VALUES (3485, 152, '2025-05-23', 5001);
INSERT INTO appointments VALUES (3486, 67, '2025-05-23', 5017);
INSERT INTO appointments VALUES (3487, 133, '2025-05-23', 5003);
INSERT INTO appointments VALUES (3488, 181, '2025-05-23', 5013);
INSERT INTO appointments VALUES (3489, 52, '2025-05-23', 5019);
INSERT INTO appointments VALUES (3490, 193, '2025-05-23', 5005);
INSERT INTO appointments VALUES (3491, 122, '2025-05-23', 5005);
INSERT INTO appointments VALUES (3492, 60, '2025-05-23', 5006);
INSERT INTO appointments VALUES (3493, 103, '2025-05-23', 5009);
INSERT INTO appointments VALUES (3494, 94, '2025-05-23', 5014);
INSERT INTO appointments VALUES (3495, 132, '2025-05-23', 5002);
INSERT INTO appointments VALUES (3496, 17, '2025-05-23', 5014);
INSERT INTO appointments VALUES (3497, 67, '2025-05-23', 5011);
INSERT INTO appointments VALUES (3498, 172, '2025-05-23', 5012);
INSERT INTO appointments VALUES (3499, 46, '2025-05-23', 5013);
INSERT INTO appointments VALUES (3500, 69, '2025-05-23', 5012);